Community_ID,Size,Internal_Edges,Dominant_Type,Has_Suspect,Cross_Verified,Members,Member_IDs,Community_Label
0,706,1153,Account,False,63,Ext-Acc-318135|Ext-Acc-260749|Ext-Acc-344813|Ext-Acc-238832|Syn-Acc-100096|Ext-Acc-243512|Ext-Acc-372776|Ext-Acc-397106|Syn-Acc-100069|Ext-Acc-361585|Ext-Acc-360952|Ext-Acc-316187|Ext-Acc-328195|Syn-Acc-100041|Syn-Acc-100090|Ext-Acc-339200|Ext-Acc-399187|Ext-Acc-267486|Ext-Acc-319148|Ext-Acc-207780,ACC-1159|ACC-0905|ACC-1255|ACC-1307|ACC-0083|ACC-0301|ACC-1338|ACC-1126|ACC-0003|ACC-0680|ACC-0123|ACC-0570|ACC-1193|ACC-0057|ACC-0071|ACC-1394|ACC-1343|ACC-1457|ACC-0342|ACC-0246|ACC-0653|ACC-0092|ACC-0265|ACC-0335|ACC-0720|ACC-0904|ACC-0157|ACC-0619|ACC-0907|ACC-0936|ACC-0914|ACC-0841|ACC-1135|ACC-0132|ACC-1365|ACC-1014|ACC-1363|ACC-1050|ACC-1156|ACC-1151|ACC-0230|ACC-1172|ACC-1431|ACC-1282|ACC-0888|ACC-0360|ACC-0156|ACC-0005|ACC-0434|ACC-0569|ACC-0486|ACC-0555|ACC-1415|ACC-0834|ACC-0906|ACC-0406|ACC-0618|ACC-1113|ACC-0656|ACC-0477|ACC-0850|ACC-1158|ACC-0019|ACC-0315|ACC-0710|ACC-0992|ACC-0563|ACC-1244|ACC-0119|ACC-1428|ACC-0645|ACC-1170|ACC-0269|ACC-0657|ACC-1425|ACC-0450|ACC-0103|ACC-0866|ACC-0817|ACC-0768|ACC-1274|ACC-1245|ACC-0293|ACC-1380|ACC-0690|ACC-1002|ACC-0238|ACC-0287|ACC-1254|ACC-1314|ACC-0812|ACC-0654|ACC-0631|ACC-0521|ACC-1150|ACC-1057|ACC-1205|ACC-0158|ACC-1449|ACC-0207|ACC-0074|ACC-0614|ACC-1384|ACC-0058|ACC-0863|ACC-0398|ACC-0148|ACC-0789|ACC-1308|ACC-1062|ACC-0678|ACC-0705|ACC-0540|ACC-1347|ACC-1411|ACC-1053|ACC-0302|ACC-1185|ACC-0163|ACC-1108|ACC-0001|ACC-0550|ACC-0463|ACC-0500|ACC-0903|ACC-0781|ACC-1040|ACC-1385|ACC-0663|ACC-0756|ACC-0267|ACC-0811|ACC-0597|ACC-0376|ACC-1450|ACC-0279|ACC-1248|ACC-0111|ACC-0526|ACC-0375|ACC-0195|ACC-0548|ACC-0575|ACC-0095|ACC-1263|ACC-1277|ACC-0031|ACC-0611|ACC-0465|ACC-0182|ACC-0938|ACC-0183|ACC-0493|ACC-0121|ACC-0006|ACC-0447|ACC-0931|ACC-0130|ACC-0256|ACC-1220|ACC-0286|ACC-0372|ACC-1387|ACC-0062|ACC-1318|ACC-0580|ACC-1214|ACC-1364|ACC-1142|ACC-0474|ACC-0126|ACC-0795|ACC-0024|ACC-0087|ACC-0466|ACC-0610|ACC-0385|ACC-1192|ACC-0626|ACC-1239|ACC-0250|ACC-1074|ACC-0514|ACC-0706|ACC-1243|ACC-0502|ACC-1176|ACC-0168|ACC-1049|ACC-0042|ACC-1429|ACC-1438|ACC-0708|ACC-0151|ACC-0884|ACC-1096|ACC-0561|ACC-0014|ACC-0200|ACC-0715|ACC-0883|ACC-1445|ACC-0957|ACC-0280|ACC-1289|ACC-0603|ACC-0698|ACC-1110|ACC-1124|ACC-0468|ACC-1191|ACC-0572|ACC-0278|ACC-0053|ACC-0692|ACC-0164|ACC-1088|ACC-0201|ACC-1140|ACC-0777|ACC-1041|ACC-0816|ACC-0499|ACC-0825|ACC-1164|ACC-1388|ACC-0212|ACC-0604|ACC-0960|ACC-0365|ACC-0635|ACC-0038|ACC-0171|ACC-0334|ACC-1231|ACC-0775|ACC-0740|ACC-1386|ACC-0799|ACC-0337|ACC-0077|ACC-0629|ACC-0177|ACC-0308|ACC-0528|ACC-0579|ACC-0441|ACC-0512|ACC-1311|ACC-0061|ACC-0924|ACC-0268|ACC-0351|ACC-0668|ACC-1297|ACC-0115|ACC-0254|ACC-1121|ACC-0870|ACC-1201|ACC-0236|ACC-1377|ACC-1152|ACC-0289|ACC-0647|ACC-1216|ACC-0076|ACC-1348|ACC-0258|ACC-0022|ACC-0394|ACC-1018|ACC-0573|ACC-0240|ACC-1024|ACC-1454|ACC-1412|ACC-0571|ACC-1256|ACC-1261|ACC-0722|ACC-0364|ACC-0387|ACC-1346|ACC-0531|ACC-0274|ACC-0363|ACC-0723|ACC-0857|ACC-0755|ACC-0814|ACC-0537|ACC-1044|ACC-1462|ACC-1275|ACC-0312|ACC-1405|ACC-0386|ACC-1098|ACC-0368|ACC-0704|ACC-0890|ACC-1109|ACC-0165|ACC-1446|ACC-0063|ACC-1079|ACC-0457|ACC-1083|ACC-1395|ACC-0529|ACC-0056|ACC-0176|ACC-1258|ACC-1186|ACC-1066|ACC-0891|ACC-0630|ACC-0472|ACC-1125|ACC-1183|ACC-1246|ACC-0596|ACC-0727|ACC-1137|ACC-1204|ACC-1353|ACC-1075|ACC-1141|ACC-0609|ACC-0764|ACC-0089|ACC-1101|ACC-0409|ACC-1132|ACC-0303|ACC-1367|ACC-0944|ACC-0664|ACC-1360|ACC-0007|ACC-0316|ACC-1022|ACC-0515|ACC-0292|ACC-0131|ACC-0192|ACC-0910|ACC-0297|ACC-1296|ACC-1361|ACC-0587|ACC-0400|ACC-1128|ACC-0836|ACC-1133|ACC-1131|ACC-1320|ACC-0894|ACC-0490|ACC-1271|ACC-0086|ACC-0712|ACC-0049|ACC-0588|ACC-1033|ACC-0967|ACC-1463|ACC-0746|ACC-1434|ACC-1136|ACC-0055|ACC-0633|ACC-0319|ACC-1309|ACC-0600|ACC-0311|ACC-0946|ACC-1397|ACC-0714|ACC-1393|ACC-0112|ACC-0679|ACC-0082|ACC-1171|ACC-0585|ACC-0661|ACC-0501|ACC-0030|ACC-1179|ACC-0662|ACC-0959|ACC-0259|ACC-0034|ACC-0008|ACC-0260|ACC-1249|ACC-1080|ACC-1004|ACC-1406|ACC-1134|ACC-0990|ACC-0332|ACC-0161|ACC-0794|ACC-1068|ACC-0464|ACC-1092|ACC-0021|ACC-0179|ACC-0562|ACC-0703|ACC-0029|ACC-0842|ACC-0770|ACC-0939|ACC-1444|ACC-0012|ACC-0583|ACC-1078|ACC-0547|ACC-1000|ACC-0665|ACC-0462|ACC-0295|ACC-1366|ACC-0969|ACC-0048|ACC-1357|ACC-0800|ACC-0813|ACC-0473|ACC-0806|ACC-0546|ACC-1403|ACC-1027|ACC-1154|ACC-0900|ACC-1199|ACC-0505|ACC-0438|ACC-0940|ACC-1407|ACC-0217|ACC-0945|ACC-0436|ACC-1029|ACC-1117|ACC-0869|ACC-0199|ACC-1461|ACC-0060|ACC-1292|ACC-1127|ACC-0264|ACC-0711|ACC-0374|ACC-0778|ACC-0415|ACC-0545|ACC-0941|ACC-0255|ACC-0015|ACC-1100|ACC-1087|ACC-0116|ACC-0419|ACC-0840|ACC-0411|ACC-1065|ACC-0085|ACC-0444|ACC-0504|ACC-0951|ACC-0102|ACC-0796|ACC-0899|ACC-1005|ACC-0452|ACC-0911|ACC-1268|ACC-1419|ACC-1163|ACC-0952|ACC-1424|ACC-0326|ACC-1298|ACC-0744|ACC-1058|ACC-0261|ACC-0127|ACC-0084|ACC-1030|ACC-0839|ACC-1048|ACC-1404|ACC-0231|ACC-1114|ACC-0169|ACC-0078|ACC-1259|ACC-1008|ACC-1106|ACC-0820|ACC-0445|ACC-1362|ACC-0650|ACC-0985|ACC-0221|ACC-1077|ACC-0420|ACC-0776|ACC-0860|ACC-0728|ACC-0918|ACC-0497|ACC-0174|ACC-1372|ACC-1162|ACC-0851|ACC-0325|ACC-0380|ACC-1401|ACC-0469|ACC-1319|ACC-0719|ACC-0556|ACC-0433|ACC-0120|ACC-0984|ACC-0741|ACC-1139|ACC-0582|ACC-0923|ACC-0877|ACC-0859|ACC-1157|ACC-0520|ACC-1257|ACC-0404|ACC-0040|ACC-0790|ACC-0495|ACC-0407|ACC-0699|ACC-1112|ACC-0064|ACC-1235|ACC-0971|ACC-0838|ACC-0016|ACC-0968|ACC-0460|ACC-0066|ACC-0895|ACC-1111|ACC-0695|ACC-0763|ACC-1430|ACC-0122|ACC-0094|ACC-0054|ACC-0242|ACC-1285|ACC-0949|ACC-1332|ACC-0108|ACC-0491|ACC-0605|ACC-1130|ACC-0010|ACC-0974|ACC-1213|ACC-0721|ACC-1228|ACC-1155|ACC-0506|ACC-0388|ACC-1115|ACC-0180|ACC-0734|ACC-0138|ACC-0830|ACC-1105|ACC-0333|ACC-0348|ACC-1003|ACC-0251|ACC-0294|ACC-0009|ACC-0091|ACC-0530|ACC-1418|ACC-0035|ACC-0189|ACC-1240|ACC-0402|ACC-0997|ACC-0196|ACC-0072|ACC-0329|ACC-0047|ACC-0828|ACC-0881|ACC-0753|ACC-1323|ACC-1166|ACC-1324|ACC-1215|ACC-0853|ACC-1197|ACC-0403|ACC-0593|ACC-0175|ACC-0507|ACC-1426|ACC-0898|ACC-0421|ACC-0815|ACC-1120|ACC-1028|ACC-0707|ACC-0928|ACC-0017|ACC-0632|ACC-0330|ACC-0835|ACC-1398|ACC-0045|ACC-1011|ACC-0390|ACC-1315|ACC-0065|ACC-0020|ACC-1195|ACC-1458|ACC-0731|ACC-1241|ACC-1169|ACC-0281|ACC-0902|ACC-0947|ACC-0821|ACC-1129|ACC-0798|ACC-1460|ACC-1015|ACC-1284|ACC-0080|ACC-0233|ACC-0070|ACC-0346|ACC-0051|ACC-0075|ACC-0948|ACC-1417|ACC-1200|ACC-0313|ACC-0172|ACC-1333|ACC-0620|ACC-0241|ACC-1103|ACC-0607|ACC-0901|ACC-0524|ACC-0552|ACC-1466|ACC-0752|ACC-1177|ACC-1381|ACC-0139|ACC-0098|ACC-1370|ACC-0214|ACC-1267|ACC-0743|ACC-0749|ACC-0347|ACC-0549|ACC-0451|ACC-0852|ACC-0551|ACC-0700|ACC-0306|ACC-1416|ACC-0958|ACC-0461|ACC-0981|ACC-0954|ACC-0046|ACC-0887|ACC-0508|ACC-0336|ACC-1021|ACC-0129|ACC-0041|ACC-0027|ACC-1175|ACC-0479|ACC-1198|ACC-0359|ACC-0050|ACC-1038|ACC-1189|ACC-0912,Gang-01
1,308,678,Account,True,148,Ext-Acc-364923|Neithal Garden Apartment Complex|Kumaran Murugan|Tamarai Garden Parking Area|Udhay Muthu|Ext-Acc-287500|Ext-Acc-203328|Rajesh Chandran|Ext-Acc-267435|Tn-28-Yy-1070|Ext-Acc-344204|Tn-33-Yy-1007|Hariharan Subramani|Saravanan Palanisamy|Alli Park Shopping Complex|Ext-Acc-287147|Babu Krishnan|Ext-Acc-383563|Ext-Acc-243544|Ext-Acc-222070,ACC-0141|LOC-0072|PER-0288|LOC-0068|PER-0127|ACC-0395|ACC-0977|PER-0351|ACC-0773|VEH-0057|ACC-0774|VEH-0043|PER-0026|PER-0202|LOC-0064|ACC-0932|PER-0389|ACC-0300|ACC-0234|ACC-0875|ACC-0874|ACC-0184|LOC-0044|PER-0336|ACC-1045|VEH-0056|ACC-0822|LOC-0047|ACC-1227|VEH-0054|ACC-0996|PER-0344|VEH-0075|LOC-0052|ACC-0105|ACC-1295|PER-0008|VEH-0019|ACC-0745|LOC-0001|ACC-0124|VEH-0081|ACC-0203|ACC-0966|ACC-0623|ACC-0033|PER-0148|ACC-0670|LOC-0042|ACC-0933|ACC-0488|PER-0078|PER-0393|ACC-0494|ACC-0299|ACC-1165|VEH-0046|ACC-1433|ACC-1310|ACC-1173|VEH-0062|ACC-0808|ACC-0446|ACC-0367|PER-0276|ACC-0381|ACC-0688|VEH-0052|PER-0222|ACC-1007|ACC-1221|LOC-0035|ACC-0965|ACC-1059|LOC-0040|PER-0167|ACC-0736|MOB-0090|ACC-0696|PER-0188|ACC-0658|PER-0112|ACC-0577|ACC-0979|PER-0220|PER-0267|ACC-0672|ACC-0809|ACC-0257|ACC-0896|ACC-0088|ACC-1432|LOC-0083|PER-0082|ACC-0435|PER-0271|ACC-0889|ACC-0882|PER-0179|ACC-0754|LOC-0067|PER-0251|ACC-1061|PER-0011|ACC-1331|ACC-0142|ACC-0366|VEH-0059|VEH-0047|LOC-0077|PER-0291|PER-0345|PER-0176|ACC-0697|PER-0335|PER-0041|PER-0195|LOC-0037|VEH-0060|ACC-0578|PER-0109|VEH-0058|ACC-0864|LOC-0082|VEH-0071|ACC-0422|PER-0306|ACC-0832|PER-0077|ACC-1212|ACC-0225|PER-0316|PER-0319|ACC-0991|LOC-0026|ACC-0622|ACC-0143|ACC-0659|ACC-1287|VEH-0055|LOC-0076|PER-0001|ACC-1448|PER-0081|ACC-0296|PER-0313|PER-0215|ACC-0982|ACC-0634|PER-0237|VEH-0050|ACC-0437|ACC-0964|PER-0255|PER-0218|ACC-1330|ACC-0826|ACC-0459|PER-0339|ACC-0013|PER-0370|PER-0364|ACC-1047|ACC-1273|PER-0162|PER-0087|VEH-0080|ACC-0113|ACC-1392|ACC-1459|VEH-0074|PER-0192|ACC-1321|ACC-1359|VEH-0051|ACC-1322|ACC-0735|PER-0115|ACC-0833|PER-0193|LOC-0075|PER-0046|ACC-1344|PER-0064|ACC-1182|PER-0221|PER-0175|ACC-1060|ACC-1232|PER-0289|VEH-0078|PER-0386|LOC-0027|PER-0125|VEH-0032|ACC-0827|ACC-1358|PER-0053|PER-0172|PER-0401|ACC-0758|PER-0346|ACC-0669|PER-0236|ACC-0377|PER-0120|ACC-1039|ACC-0487|ACC-0856|ACC-0961|PER-0043|ACC-1001|PER-0294|ACC-1076|ACC-1414|ACC-0483|VEH-0053|ACC-1174|PER-0279|PER-0286|PER-0184|PER-0213|PER-0358|ACC-1280|ACC-0787|PER-0085|ACC-0636|ACC-0765|PER-0118|ACC-0673|PER-0227|PER-0126|PER-0342|ACC-0396|ACC-0897|PER-0111|ACC-0104|PER-0273|ACC-0876|PER-0158|ACC-1281|PER-0095|ACC-0518|ACC-0598|PER-0211|VEH-0016|ACC-0224|PER-0334|PER-0277|ACC-1288|PER-0049|ACC-0617|ACC-1211|PER-0287|ACC-0235|PER-0157|PER-0382|LOC-0007|ACC-0125|ACC-1294|ACC-0886|PER-0244|ACC-1447|ACC-0865|PER-0219|PER-0324|PER-0371|ACC-0689|ACC-0983|ACC-0788|PER-0183|ACC-1006|VEH-0017|PER-0283|ACC-1345|PER-0318|ACC-0378|ACC-1222|ACC-0202|ACC-0759|ACC-0511|PER-0040|PER-0201|ACC-0482|LOC-0058|ACC-1391|PER-0278|ACC-1413|LOC-0004|PER-0398|PER-0266|ACC-0140|ACC-1242|LOC-0032|ACC-1046|ACC-0576|ACC-1422|LOC-0045|PER-0182|ACC-0538|LOC-0015|ACC-0114|PER-0254|PER-0014|ACC-1279|ACC-0637|PER-0128|PER-0012,Gang-02
2,307,973,Person,True,177,Chandran Krishnan|Ext-Acc-266107|Revathi Raman|Suresh Pandian|Ext-Acc-211813|Ext-Acc-241307|Meena Sekar|Deviga Devi|Ext-Acc-263185|Bharathi Raj|Kannan Muthu|Tn-45-Xx-1036|Tn-38-Xx-1015|Kishore Babu|Ext-Acc-285315|Yogesh Raj|Tn-39-Xx-1096|Ext-Acc-291057|Kaveri Park Bus Stand Area|Palar Layout Market Road,PER-0121|ACC-0327|PER-0321|PER-0059|ACC-0152|ACC-0357|PER-0006|PER-0149|ACC-0399|PER-0154|PER-0229|VEH-0014|VEH-0039|PER-0129|ACC-0539|PER-0020|VEH-0076|ACC-1031|LOC-0049|LOC-0057|PER-0061|PER-0098|PER-0392|PER-0299|PER-0310|LOC-0038|PER-0256|PER-0072|ACC-1063|VEH-0001|ACC-0879|ACC-0090|ACC-0338|PER-0272|PER-0187|ACC-0880|ACC-0263|PER-0104|LOC-0050|PER-0290|PER-0264|PER-0233|VEH-0077|VEH-0073|ACC-0470|ACC-0284|PER-0103|PER-0060|ACC-0557|ACC-0920|PER-0130|ACC-0782|PER-0275|ACC-0674|PER-0200|PER-0079|LOC-0030|ACC-1453|ACC-0925|LOC-0056|PER-0212|ACC-1093|ACC-0503|ACC-1408|ACC-0194|LOC-0017|ACC-0100|PER-0143|ACC-0671|PER-0206|PER-0209|LOC-0051|ACC-0277|PER-0385|ACC-1194|PER-0105|ACC-0785|ACC-0543|PER-0394|VEH-0026|ACC-0564|PER-0347|ACC-1253|PER-0205|PER-0378|ACC-1339|PER-0099|ACC-0648|PER-0315|LOC-0043|PER-0363|PER-0245|ACC-0339|PER-0092|PER-0240|ACC-0018|ACC-0266|PER-0293|ACC-0154|ACC-1206|MOB-0117|PER-0357|ACC-1260|VEH-0045|PER-0374|PER-0234|VEH-0005|PER-0239|LOC-0023|PER-0298|ACC-1350|PER-0242|PER-0054|PER-0199|PER-0360|ACC-0373|ACC-0252|ACC-0651|ACC-1452|PER-0066|PER-0045|ACC-0276|ACC-0355|PER-0323|ACC-1023|LOC-0048|ACC-0527|PER-0396|PER-0368|PER-0074|ACC-0190|LOC-0063|VEH-0029|PER-0377|ACC-1116|VEH-0033|PER-0108|ACC-1097|PER-0235|PER-0091|ACC-1291|ACC-0145|PER-0372|ACC-1233|PER-0216|PER-0329|PER-0152|PER-0232|PER-0164|ACC-0144|ACC-0253|ACC-1437|ACC-0205|ACC-0356|ACC-0155|PER-0366|ACC-0878|ACC-0218|MOB-0161|PER-0223|ACC-1340|PER-0037|PER-0135|PER-0326|PER-0292|ACC-0510|ACC-0687|ACC-1234|PER-0181|ACC-0471|LOC-0021|PER-0333|ACC-0762|PER-0285|PER-0039|ACC-1010|ACC-0684|ACC-1122|ACC-1226|LOC-0073|PER-0073|ACC-1276|ACC-0730|PER-0284|ACC-0262|LOC-0034|PER-0007|PER-0295|PER-0361|ACC-0995|PER-0134|PER-0005|PER-0268|PER-0122|ACC-0498|ACC-1286|ACC-0181|PER-0161|VEH-0063|LOC-0062|PER-0169|PER-0281|ACC-0718|VEH-0025|PER-0263|PER-0147|PER-0297|ACC-0153|ACC-1441|PER-0317|ACC-1203|PER-0248|ACC-0978|ACC-0953|PER-0017|VEH-0010|ACC-0686|PER-0349|PER-0036|VEH-0040|ACC-0980|LOC-0046|ACC-1290|PER-0146|ACC-0513|PER-0384|ACC-0509|ACC-0917|PER-0261|PER-0180|PER-0076|ACC-1009|ACC-0193|PER-0174|VEH-0070|PER-0354|LOC-0033|ACC-0717|PER-0042|ACC-0097|PER-0165|ACC-1167|PER-0217|PER-0131|PER-0124|ACC-0970|ACC-1236|PER-0038|ACC-0574|LOC-0036|PER-0132|LOC-0006|ACC-0675|ACC-1378|VEH-0002|PER-0348|VEH-0064|ACC-0660|PER-0207|PER-0308|PER-0107|ACC-0099|PER-0156|PER-0096|ACC-1202|ACC-1451|PER-0383|PER-0362|PER-0356|ACC-0784|ACC-0397|PER-0224|ACC-0249|ACC-0496|ACC-0649|VEH-0072|PER-0302|ACC-1379|PER-0097|PER-0024|ACC-0558|PER-0252|ACC-0328|PER-0296|ACC-0544|PER-0019|PER-0032|ACC-0783|PER-0119|ACC-1123|LOC-0009|PER-0004|ACC-0206|LOC-0003|ACC-0652|PER-0262|PER-0160|ACC-1032|PER-0381|ACC-0453|PER-0178|PER-0246|PER-0274|ACC-1252|PER-0258|ACC-0621|MOB-0093,Gang-03
3,278,989,Person,True,179,Ext-Acc-264922|Praveen Natarajan|Yuvaraj Natarajan|Syn-Acc-100021|Ext-Acc-256431|Ext-Acc-256344|Ext-Acc-233303|Nithin Thangaraj|Harish Murugan|Ext-Acc-249669|Ext-Acc-371824|Kalai Colony Apartment Complex|Nandhini Sekar|Sathish Kumar|Jagan Sekar|Priya Raman|Ext-Acc-285220|Ext-Acc-213164|Ext-Acc-314126|Logesh Subramani,ACC-0467|PER-0030|PER-0352|ACC-0052|ACC-0683|ACC-0950|ACC-0358|PER-0071|PER-0253|ACC-1396|ACC-0805|LOC-0022|PER-0035|PER-0153|PER-0185|PER-0350|ACC-0843|ACC-0908|ACC-0803|PER-0300|LOC-0078|PER-0395|ACC-0167|ACC-1373|ACC-1266|VEH-0037|PER-0070|PER-0376|LOC-0008|PER-0397|LOC-0080|ACC-0929|ACC-0589|ACC-0059|ACC-0426|PER-0013|PER-0144|PER-0031|ACC-1217|PER-0231|ACC-1138|PER-0259|LOC-0054|ACC-0248|ACC-0093|PER-0023|LOC-0028|PER-0365|PER-0367|PER-0241|LOC-0074|LOC-0012|ACC-0307|ACC-0861|PER-0168|PER-0226|PER-0170|PER-0029|PER-0214|ACC-1374|ACC-0458|PER-0106|PER-0062|ACC-0846|PER-0151|ACC-1351|ACC-0350|ACC-0282|LOC-0018|PER-0379|PER-0009|PER-0243|PER-0330|ACC-0667|PER-0260|ACC-1436|PER-0113|VEH-0007|LOC-0014|PER-0375|ACC-1218|PER-0044|PER-0391|LOC-0025|PER-0145|PER-0194|PER-0010|PER-0075|PER-0089|PER-0282|PER-0116|PER-0353|PER-0238|PER-0257|VEH-0061|PER-0067|ACC-0613|VEH-0065|LOC-0019|LOC-0011|VEH-0003|VEH-0021|LOC-0020|LOC-0024|ACC-1420|PER-0034|PER-0139|ACC-0229|PER-0136|LOC-0071|ACC-0247|PER-0094|ACC-0726|VEH-0018|ACC-0599|ACC-1427|ACC-0750|PER-0203|PER-0063|PER-0399|LOC-0031|LOC-0029|ACC-0401|ACC-0962|ACC-0352|ACC-1219|PER-0022|ACC-0565|VEH-0066|PER-0137|ACC-0725|PER-0269|PER-0002|VEH-0023|ACC-0862|PER-0102|PER-0051|LOC-0079|VEH-0035|ACC-0584|LOC-0013|PER-0069|PER-0312|PER-0322|ACC-0666|PER-0050|ACC-0641|ACC-0615|ACC-0616|PER-0047|ACC-0909|PER-0355|ACC-0802|ACC-0988|ACC-0818|ACC-0638|ACC-1421|PER-0250|PER-0068|LOC-0061|VEH-0067|PER-0301|ACC-0160|PER-0307|ACC-0244|PER-0166|PER-0065|PER-0056|ACC-0322|PER-0388|PER-0018|ACC-0655|PER-0084|LOC-0041|PER-0309|ACC-0601|ACC-1153|PER-0150|PER-0159|VEH-0036|ACC-0729|ACC-0963|PER-0080|ACC-1247|VEH-0004|VEH-0079|ACC-0198|PER-0343|ACC-1020|PER-0177|VEH-0069|PER-0325|ACC-0919|PER-0328|PER-0142|ACC-0219|ACC-0642|PER-0123|ACC-0314|PER-0093|PER-0088|ACC-0566|PER-0025|PER-0090|PER-0230|PER-0247|PER-0155|LOC-0016|VEH-0020|PER-0021|LOC-0005|VEH-0012|ACC-0389|PER-0101|PER-0191|PER-0359|ACC-0408|PER-0163|ACC-0245|LOC-0060|PER-0332|ACC-1278|ACC-1349|PER-0015|ACC-0197|PER-0028|PER-0270|LOC-0053|ACC-1086|ACC-1368|LOC-0002|PER-0110|LOC-0066|PER-0204|ACC-1352|PER-0055|PER-0189|PER-0390|PER-0048|PER-0100|PER-0171|ACC-0345|PER-0373|ACC-1073|ACC-0220|PER-0027|ACC-0228|ACC-0166|PER-0225|ACC-0159|ACC-0349|PER-0337|PER-0140|PER-0327|LOC-0039|LOC-0059|PER-0138|PER-0003|VEH-0030|LOC-0010|PER-0190|ACC-0612|PER-0338|PER-0083|VEH-0006|VEH-0011|ACC-0930|PER-0141|LOC-0065|PER-0052|ACC-0804|VEH-0022|ACC-0425|PER-0016|PER-0208|PER-0186|ACC-1190|PER-0331,Gang-04
4,95,125,Account,True,41,Ext-Acc-202815|Ext-Acc-382050|Ext-Acc-238745|Selvapuram Garden College Road|Prakash Chandran|Ext-Acc-255878|Thirumal Sekar|Ext-Acc-272260|Ext-Acc-308817|Ext-Acc-261334|Ext-Acc-265281|Sudha Bai|Ext-Acc-277395|Tn-68-Yy-1058|Ext-Acc-298394|Uma Bai|Sanjay Gopal|Ext-Acc-312499|Harish Mani|Ext-Acc-287854,ACC-0416|ACC-0216|ACC-0288|LOC-0081|PER-0086|ACC-0807|PER-0197|ACC-0191|ACC-1037|ACC-1224|ACC-1104|PER-0305|ACC-1329|VEH-0013|ACC-1423|PER-0304|PER-0280|ACC-0227|PER-0210|ACC-1016|ACC-0456|PER-0303|LOC-0055|PER-0033|ACC-0643|ACC-1316|ACC-0215|ACC-1069|ACC-0379|ACC-0043|PER-0320|ACC-0170|PER-0114|ACC-0858|PER-0133|ACC-0371|ACC-1317|ACC-0032|ACC-0484|ACC-0128|VEH-0041|ACC-0489|PER-0387|ACC-0361|PER-0400|VEH-0008|ACC-1326|ACC-1180|ACC-0135|PER-0173|PER-0228|ACC-0519|ACC-1107|ACC-0023|ACC-0480|PER-0341|ACC-1325|ACC-0831|ACC-0485|PER-0369|ACC-0291|PER-0057|ACC-0646|ACC-0885|ACC-0226|ACC-0285|PER-0340|PER-0198|ACC-1293|ACC-1064|PER-0058|PER-0196|ACC-1017|VEH-0038|ACC-0341|VEH-0009|VEH-0024|ACC-1036|ACC-0362|ACC-1070|VEH-0034|PER-0314|ACC-0536|PER-0249|ACC-0644|PER-0265|ACC-0243|LOC-0070|ACC-0290|PER-0311|LOC-0069|PER-0117|ACC-0232|ACC-1181|PER-0380,Gang-05
5,41,40,Account,False,7,Ext-Acc-245656|Ext-Acc-342909|Ext-Acc-269414|Ext-Acc-286623|Ext-Acc-252244|Ext-Acc-369422|Ext-Acc-350222|Ext-Acc-398097|Ext-Acc-316976|Ext-Acc-384259|Syn-Acc-100024|Ext-Acc-320207|Syn-Acc-100012|Ext-Acc-322057|Ext-Acc-378766|Ext-Acc-218242|Ext-Acc-266062|Ext-Acc-251337|Syn-Acc-100014|Ext-Acc-259609,ACC-0239|ACC-1238|ACC-0913|ACC-0382|ACC-1334|ACC-0481|ACC-1091|ACC-0304|ACC-0602|ACC-1369|ACC-0004|ACC-1143|ACC-0044|ACC-1262|ACC-0713|ACC-0237|ACC-0934|ACC-0935|ACC-0039|ACC-1196|ACC-0275|ACC-0079|ACC-1223|ACC-0002|ACC-0340|ACC-1178|ACC-1371|ACC-1102|ACC-0405|ACC-0492|ACC-0081|ACC-0162|ACC-1356|ACC-0068|ACC-0410|ACC-0797|ACC-1283|ACC-0096|ACC-1237|ACC-0739|ACC-0204,Gang-06
6,14,13,Account,False,2,Ext-Acc-319949|Ext-Acc-269248|Ext-Acc-268482|Ext-Acc-323863|Ext-Acc-323264|Ext-Acc-299059|Ext-Acc-296084|Syn-Acc-100079|Ext-Acc-334080|Ext-Acc-271302|Ext-Acc-269540|Ext-Acc-210032|Syn-Acc-100046|Ext-Acc-336630,ACC-0757|ACC-0937|ACC-0702|ACC-1225|ACC-0801|ACC-0478|ACC-0701|ACC-0028|ACC-1335|ACC-0849|ACC-0829|ACC-1184|ACC-0026|ACC-0871,Gang-07
7,10,9,Account,False,1,Syn-Acc-100056|Ext-Acc-200094|Ext-Acc-289833|Ext-Acc-390434|Ext-Acc-242157|Ext-Acc-291590|Ext-Acc-267302|Ext-Acc-351514|Ext-Acc-260390|Ext-Acc-368597,ACC-0025|ACC-0769|ACC-0439|ACC-0819|ACC-0581|ACC-0716|ACC-0432|ACC-1099|ACC-0606|ACC-1272,Gang-08
8,9,8,Account,False,1,Ext-Acc-313332|Ext-Acc-234757|Ext-Acc-290289|Syn-Acc-100082|Ext-Acc-364625|Ext-Acc-237281|Ext-Acc-350449|Ext-Acc-233725|Ext-Acc-320079,ACC-1067|ACC-0767|ACC-0283|ACC-0037|ACC-0427|ACC-0440|ACC-0810|ACC-0742|ACC-0709,Gang-09
9,9,8,Account,False,1,Ext-Acc-268690|Ext-Acc-232441|Ext-Acc-352354|Syn-Acc-100075|Ext-Acc-303454|Ext-Acc-399914|Ext-Acc-327165|Ext-Acc-323431|Ext-Acc-220701,ACC-0173|ACC-0213|ACC-0331|ACC-0011|ACC-0791|ACC-0766|ACC-0837|ACC-1435|ACC-0751,Gang-10
10,8,7,Account,False,1,Ext-Acc-308601|Ext-Acc-208981|Ext-Acc-241060|Syn-Acc-100029|Ext-Acc-289995|Ext-Acc-372276|Ext-Acc-233072|Ext-Acc-355290,ACC-0414|ACC-0101|ACC-0393|ACC-0073|ACC-0305|ACC-1054|ACC-0724|ACC-0786,Gang-11
11,6,5,Account,False,1,Ext-Acc-249324|Ext-Acc-251992|Ext-Acc-207386|Ext-Acc-370070|Syn-Acc-100017|Ext-Acc-361408,ACC-1019|ACC-0525|ACC-1168|ACC-0586|ACC-0036|ACC-0989,Gang-12
12,6,5,Account,False,1,Syn-Acc-100049|Ext-Acc-221679|Ext-Acc-348436|Ext-Acc-200419|Ext-Acc-378485|Ext-Acc-384877,ACC-0069|ACC-0298|ACC-0685|ACC-0691|ACC-1402|ACC-0590,Gang-13
13,3,2,Account,False,1,Ext-Acc-293677|Ext-Acc-373505|Syn-Acc-100044,ACC-0178|ACC-0608|ACC-0067,Gang-14
84,2,1,Account,False,0,Ext-Acc-202993|Ext-Acc-384267,ACC-0993|ACC-0994,Gang-15
96,2,1,Account,False,0,Ext-Acc-380963|Ext-Acc-277872,ACC-1095|ACC-1094,Gang-16
95,2,1,Account,False,0,Ext-Acc-226610|Ext-Acc-355023,ACC-1089|ACC-1090,Gang-17
94,2,1,Account,False,0,Ext-Acc-268799|Ext-Acc-308655,ACC-1084|ACC-1085,Gang-18
93,2,1,Account,False,0,Ext-Acc-308803|Ext-Acc-279150,ACC-1082|ACC-1081,Gang-19
92,2,1,Account,False,0,Ext-Acc-223998|Ext-Acc-345485,ACC-1071|ACC-1072,Gang-20
91,2,1,Account,False,0,Ext-Acc-202367|Ext-Acc-306524,ACC-1055|ACC-1056,Gang-21
90,2,1,Account,False,0,Ext-Acc-203063|Ext-Acc-331030,ACC-1051|ACC-1052,Gang-22
89,2,1,Account,False,0,Ext-Acc-381539|Ext-Acc-270630,ACC-1043|ACC-1042,Gang-23
88,2,1,Account,False,0,Ext-Acc-380580|Ext-Acc-237416,ACC-1035|ACC-1034,Gang-24
87,2,1,Account,False,0,Ext-Acc-235910|Ext-Acc-397066,ACC-1025|ACC-1026,Gang-25
86,2,1,Account,False,0,Ext-Acc-274853|Ext-Acc-366433,ACC-1012|ACC-1013,Gang-26
85,2,1,Account,False,0,Ext-Acc-208653|Ext-Acc-396466,ACC-0998|ACC-0999,Gang-27
77,2,1,Account,False,0,Ext-Acc-328358|Ext-Acc-264166,ACC-0922|ACC-0921,Gang-28
83,2,1,Account,False,0,Ext-Acc-364631|Ext-Acc-260689,ACC-0987|ACC-0986,Gang-29
82,2,1,Account,False,0,Ext-Acc-380432|Ext-Acc-241592,ACC-0976|ACC-0975,Gang-30
81,2,1,Account,False,0,Ext-Acc-273060|Ext-Acc-356118,ACC-0972|ACC-0973,Gang-31
80,2,1,Account,False,0,Ext-Acc-253955|Ext-Acc-378159,ACC-0955|ACC-0956,Gang-32
79,2,1,Account,False,0,Ext-Acc-333779|Ext-Acc-225471,ACC-0943|ACC-0942,Gang-33
78,2,1,Account,False,0,Ext-Acc-376758|Ext-Acc-277553,ACC-0927|ACC-0926,Gang-34
98,2,1,Account,False,0,Ext-Acc-320582|Ext-Acc-229419,ACC-1145|ACC-1144,Gang-35
76,2,1,Account,False,0,Ext-Acc-380425|Ext-Acc-287614,ACC-0916|ACC-0915,Gang-36
75,2,1,Account,False,0,Ext-Acc-247022|Ext-Acc-340160,ACC-0892|ACC-0893,Gang-37
74,2,1,Account,False,0,Ext-Acc-253547|Ext-Acc-358002,ACC-0872|ACC-0873,Gang-38
73,2,1,Account,False,0,Ext-Acc-372174|Ext-Acc-259606,ACC-0868|ACC-0867,Gang-39
72,2,1,Account,False,0,Ext-Acc-255404|Ext-Acc-381295,ACC-0854|ACC-0855,Gang-40
97,2,1,Account,False,0,Ext-Acc-340290|Ext-Acc-238293,ACC-1119|ACC-1118,Gang-41
105,2,1,Account,False,0,Ext-Acc-280539|Ext-Acc-330496,ACC-1229|ACC-1230,Gang-42
99,2,1,Account,False,0,Ext-Acc-314765|Ext-Acc-267025,ACC-1147|ACC-1146,Gang-43
100,2,1,Account,False,0,Ext-Acc-314383|Ext-Acc-213629,ACC-1149|ACC-1148,Gang-44
126,2,1,Account,False,0,Ext-Acc-388904|Ext-Acc-248166,ACC-1465|ACC-1464,Gang-45
125,2,1,Account,False,0,Ext-Acc-383870|Ext-Acc-251971,ACC-1456|ACC-1455,Gang-46
124,2,1,Account,False,0,Ext-Acc-236903|Ext-Acc-388403,ACC-1442|ACC-1443,Gang-47
123,2,1,Account,False,0,Ext-Acc-376357|Ext-Acc-215769,ACC-1440|ACC-1439,Gang-48
122,2,1,Account,False,0,Ext-Acc-323638|Ext-Acc-265391,ACC-1410|ACC-1409,Gang-49
120,2,1,Account,False,0,Ext-Acc-305066|Ext-Acc-221174,ACC-1390|ACC-1389,Gang-50
119,2,1,Account,False,0,Ext-Acc-288317|Ext-Acc-310918,ACC-1382|ACC-1383,Gang-51
118,2,1,Account,False,0,Ext-Acc-302472|Ext-Acc-243927,ACC-1376|ACC-1375,Gang-52
117,2,1,Account,False,0,Ext-Acc-313422|Ext-Acc-285380,ACC-1355|ACC-1354,Gang-53
116,2,1,Account,False,0,Ext-Acc-205805|Ext-Acc-311799,ACC-1341|ACC-1342,Gang-54
115,2,1,Account,False,0,Ext-Acc-236435|Ext-Acc-327864,ACC-1336|ACC-1337,Gang-55
114,2,1,Account,False,0,Ext-Acc-301862|Ext-Acc-241286,ACC-1328|ACC-1327,Gang-56
113,2,1,Account,False,0,Ext-Acc-260302|Ext-Acc-374504,ACC-1312|ACC-1313,Gang-57
112,2,1,Account,False,0,Ext-Acc-319233|Ext-Acc-288111,ACC-1306|ACC-1305,Gang-58
111,2,1,Account,False,0,Ext-Acc-356623|Ext-Acc-207002,ACC-1304|ACC-1303,Gang-59
110,2,1,Account,False,0,Ext-Acc-244898|Ext-Acc-317321,ACC-1301|ACC-1302,Gang-60
109,2,1,Account,False,0,Ext-Acc-296785|Ext-Acc-331266,ACC-1299|ACC-1300,Gang-61
108,2,1,Account,False,0,Ext-Acc-229220|Ext-Acc-326946,ACC-1269|ACC-1270,Gang-62
107,2,1,Account,False,0,Ext-Acc-354723|Ext-Acc-279362,ACC-1265|ACC-1264,Gang-63
106,2,1,Account,False,0,Ext-Acc-229627|Ext-Acc-376139,ACC-1250|ACC-1251,Gang-64
70,2,1,Account,False,0,Ext-Acc-398521|Ext-Acc-219350,ACC-0845|ACC-0844,Gang-65
104,2,1,Account,False,0,Ext-Acc-219567|Ext-Acc-351259,ACC-1209|ACC-1210,Gang-66
103,2,1,Account,False,0,Ext-Acc-218255|Ext-Acc-370657,ACC-1207|ACC-1208,Gang-67
102,2,1,Account,False,0,Ext-Acc-345954|Ext-Acc-241930,ACC-1188|ACC-1187,Gang-68
101,2,1,Account,False,0,Ext-Acc-323480|Ext-Acc-202369,ACC-1161|ACC-1160,Gang-69
71,2,1,Account,False,0,Ext-Acc-375195|Ext-Acc-220896,ACC-0848|ACC-0847,Gang-70
121,2,1,Account,False,0,Ext-Acc-200449|Ext-Acc-353982,ACC-1399|ACC-1400,Gang-71
69,2,1,Account,False,0,Ext-Acc-235426|Ext-Acc-343992,ACC-0823|ACC-0824,Gang-72
40,2,1,Account,False,0,Ext-Acc-290996|Ext-Acc-348916,ACC-0428|ACC-0429,Gang-73
38,2,1,Account,False,0,Ext-Acc-358360|Ext-Acc-269489,ACC-0418|ACC-0417,Gang-74
37,2,1,Account,False,0,Ext-Acc-260786|Ext-Acc-392161,ACC-0412|ACC-0413,Gang-75
36,2,1,Account,False,0,Ext-Acc-233468|Ext-Acc-351269,ACC-0391|ACC-0392,Gang-76
35,2,1,Account,False,0,Ext-Acc-345123|Ext-Acc-256980,ACC-0384|ACC-0383,Gang-77
34,2,1,Account,False,0,Ext-Acc-280096|Ext-Acc-391730,ACC-0369|ACC-0370,Gang-78
33,2,1,Account,False,0,Ext-Acc-392855|Ext-Acc-254519,ACC-0354|ACC-0353,Gang-79
32,2,1,Account,False,0,Ext-Acc-215985|Ext-Acc-393674,ACC-0343|ACC-0344,Gang-80
31,2,1,Account,False,0,Ext-Acc-394405|Ext-Acc-254344,ACC-0324|ACC-0323,Gang-81
30,2,1,Account,False,0,Ext-Acc-347028|Ext-Acc-296458,ACC-0321|ACC-0320,Gang-82
29,2,1,Account,False,0,Ext-Acc-218350|Ext-Acc-325746,ACC-0317|ACC-0318,Gang-83
27,2,1,Account,False,0,Ext-Acc-283789|Ext-Acc-385089,ACC-0272|ACC-0273,Gang-84
26,2,1,Account,False,0,Ext-Acc-268982|Ext-Acc-309506,ACC-0270|ACC-0271,Gang-85
25,2,1,Account,False,0,Ext-Acc-307698|Ext-Acc-271058,ACC-0223|ACC-0222,Gang-86
24,2,1,Account,False,0,Ext-Acc-228627|Ext-Acc-389173,ACC-0210|ACC-0211,Gang-87
23,2,1,Account,False,0,Ext-Acc-224219|Ext-Acc-362580,ACC-0208|ACC-0209,Gang-88
22,2,1,Account,False,0,Ext-Acc-289381|Ext-Acc-341889,ACC-0187|ACC-0188,Gang-89
21,2,1,Account,False,0,Ext-Acc-337431|Ext-Acc-228124,ACC-0186|ACC-0185,Gang-90
20,2,1,Account,False,0,Ext-Acc-297605|Ext-Acc-379482,ACC-0149|ACC-0150,Gang-91
19,2,1,Account,False,0,Ext-Acc-399663|Ext-Acc-256881,ACC-0147|ACC-0146,Gang-92
18,2,1,Account,False,0,Ext-Acc-300150|Ext-Acc-252976,ACC-0137|ACC-0136,Gang-93
17,2,1,Account,False,0,Ext-Acc-374607|Ext-Acc-277993,ACC-0134|ACC-0133,Gang-94
16,2,1,Account,False,0,Ext-Acc-360946|Ext-Acc-279516,ACC-0118|ACC-0117,Gang-95
15,2,1,Account,False,0,Ext-Acc-353264|Ext-Acc-246357,ACC-0110|ACC-0109,Gang-96
14,2,1,Account,False,0,Ext-Acc-283507|Ext-Acc-321178,ACC-0106|ACC-0107,Gang-97
68,2,1,Account,False,0,Ext-Acc-392634|Ext-Acc-250738,ACC-0793|ACC-0792,Gang-98
39,2,1,Account,False,0,Ext-Acc-357999|Ext-Acc-297193,ACC-0424|ACC-0423,Gang-99
28,2,1,Account,False,0,Ext-Acc-383071|Ext-Acc-258073,ACC-0310|ACC-0309,Gang-100
41,2,1,Account,False,0,Ext-Acc-393394|Ext-Acc-268898,ACC-0431|ACC-0430,Gang-101
55,2,1,Account,False,0,Ext-Acc-281888|Ext-Acc-345663,ACC-0594|ACC-0595,Gang-102
67,2,1,Account,False,0,Ext-Acc-207762|Ext-Acc-318389,ACC-0779|ACC-0780,Gang-103
66,2,1,Account,False,0,Ext-Acc-350466|Ext-Acc-204485,ACC-0772|ACC-0771,Gang-104
42,2,1,Account,False,0,Ext-Acc-335118|Ext-Acc-297282,ACC-0443|ACC-0442,Gang-105
64,2,1,Account,False,0,Ext-Acc-378820|Ext-Acc-232997,ACC-0748|ACC-0747,Gang-106
63,2,1,Account,False,0,Ext-Acc-368126|Ext-Acc-289394,ACC-0738|ACC-0737,Gang-107
62,2,1,Account,False,0,Ext-Acc-372098|Ext-Acc-296267,ACC-0733|ACC-0732,Gang-108
61,2,1,Account,False,0,Ext-Acc-245557|Ext-Acc-392382,ACC-0693|ACC-0694,Gang-109
60,2,1,Account,False,0,Ext-Acc-258837|Ext-Acc-382684,ACC-0681|ACC-0682,Gang-110
59,2,1,Account,False,0,Ext-Acc-358328|Ext-Acc-215127,ACC-0677|ACC-0676,Gang-111
58,2,1,Account,False,0,Ext-Acc-301275|Ext-Acc-222377,ACC-0640|ACC-0639,Gang-112
57,2,1,Account,False,0,Ext-Acc-200609|Ext-Acc-337272,ACC-0627|ACC-0628,Gang-113
56,2,1,Account,False,0,Ext-Acc-245685|Ext-Acc-385449,ACC-0624|ACC-0625,Gang-114
65,2,1,Account,False,0,Ext-Acc-342810|Ext-Acc-276595,ACC-0761|ACC-0760,Gang-115
54,2,1,Account,False,0,Ext-Acc-317324|Ext-Acc-284473,ACC-0592|ACC-0591,Gang-116
49,2,1,Account,False,0,Ext-Acc-379700|Ext-Acc-291262,ACC-0535|ACC-0534,Gang-117
53,2,1,Account,False,0,Ext-Acc-228208|Ext-Acc-378924,ACC-0567|ACC-0568,Gang-118
44,2,1,Account,False,0,Ext-Acc-222298|Ext-Acc-315381,ACC-0454|ACC-0455,Gang-119
45,2,1,Account,False,0,Ext-Acc-293742|Ext-Acc-317191,ACC-0475|ACC-0476,Gang-120
46,2,1,Account,False,0,Ext-Acc-376015|Ext-Acc-252928,ACC-0517|ACC-0516,Gang-121
47,2,1,Account,False,0,Ext-Acc-312521|Ext-Acc-224044,ACC-0523|ACC-0522,Gang-122
48,2,1,Account,False,0,Ext-Acc-284940|Ext-Acc-398376,ACC-0532|ACC-0533,Gang-123
50,2,1,Account,False,0,Ext-Acc-314322|Ext-Acc-295374,ACC-0542|ACC-0541,Gang-124
51,2,1,Account,False,0,Ext-Acc-276072|Ext-Acc-307094,ACC-0553|ACC-0554,Gang-125
52,2,1,Account,False,0,Ext-Acc-287914|Ext-Acc-360774,ACC-0559|ACC-0560,Gang-126
43,2,1,Account,False,0,Ext-Acc-207166|Ext-Acc-388027,ACC-0448|ACC-0449,Gang-127
745,1,0,SocialHandle,False,0,@Shadow_Nandha369,SOC-0432,Gang-128
749,1,0,SocialHandle,False,0,@Real_Ajith392,SOC-0436,Gang-129
748,1,0,SocialHandle,False,0,@User_Jagan132,SOC-0435,Gang-130
747,1,0,SocialHandle,False,0,@Only_Uma200,SOC-0434,Gang-131
746,1,0,SocialHandle,False,0,@Shadow_Arjun77,SOC-0433,Gang-132
741,1,0,SocialHandle,False,0,@Official_Mohan495,SOC-0428,Gang-133
744,1,0,SocialHandle,False,0,@Shadow_Udhay627,SOC-0431,Gang-134
743,1,0,SocialHandle,False,0,@Temp_Udhay549,SOC-0430,Gang-135
742,1,0,SocialHandle,False,0,@Xyz_Uma129,SOC-0429,Gang-136
751,1,0,SocialHandle,False,0,@Real_Abirami623,SOC-0438,Gang-137
740,1,0,SocialHandle,False,0,@Official_Vignesh134,SOC-0427,Gang-138
750,1,0,SocialHandle,False,0,@Shadow_Udhay177,SOC-0437,Gang-139
756,1,0,SocialHandle,False,0,@Real_Madhan29,SOC-0443,Gang-140
752,1,0,SocialHandle,False,0,@User_Thirumal150,SOC-0439,Gang-141
753,1,0,SocialHandle,False,0,@Xyz_Nithin638,SOC-0440,Gang-142
754,1,0,SocialHandle,False,0,@Anon_Karthik366,SOC-0441,Gang-143
755,1,0,SocialHandle,False,0,@Only_Jeeva141,SOC-0442,Gang-144
757,1,0,SocialHandle,False,0,@User_Revathi77,SOC-0444,Gang-145
758,1,0,SocialHandle,False,0,@Anon_Vignesh385,SOC-0445,Gang-146
759,1,0,SocialHandle,False,0,@Real_Siva789,SOC-0446,Gang-147
760,1,0,SocialHandle,False,0,@Shadow_Dinesh515,SOC-0447,Gang-148
761,1,0,SocialHandle,False,0,@Only_Hariharan887,SOC-0448,Gang-149
762,1,0,SocialHandle,False,0,@Real_Dinesh156,SOC-0449,Gang-150
763,1,0,SocialHandle,False,0,@Xyz_Sathish295,SOC-0450,Gang-151
738,1,0,SocialHandle,False,0,@Xyz_Arun302,SOC-0425,Gang-152
739,1,0,SocialHandle,False,0,@Official_Anand388,SOC-0426,Gang-153
711,1,0,SocialHandle,False,0,@Temp_Vignesh950,SOC-0398,Gang-154
737,1,0,SocialHandle,False,0,@Anon_Vasanth617,SOC-0424,Gang-155
722,1,0,SocialHandle,False,0,@User_Sanjay910,SOC-0409,Gang-156
710,1,0,SocialHandle,False,0,@Dark_Dinesh253,SOC-0397,Gang-157
765,1,0,SocialHandle,False,0,@Anon_Nithin46,SOC-0452,Gang-158
712,1,0,SocialHandle,False,0,@Temp_Naveen798,SOC-0399,Gang-159
713,1,0,SocialHandle,False,0,@Temp_Arun682,SOC-0400,Gang-160
714,1,0,SocialHandle,False,0,@Real_Divya722,SOC-0401,Gang-161
715,1,0,SocialHandle,False,0,@Official_Nithin115,SOC-0402,Gang-162
716,1,0,SocialHandle,False,0,@Official_Vasanthi165,SOC-0403,Gang-163
717,1,0,SocialHandle,False,0,@Dark_Karthik987,SOC-0404,Gang-164
718,1,0,SocialHandle,False,0,@User_Uma207,SOC-0405,Gang-165
719,1,0,SocialHandle,False,0,@User_Venkat47,SOC-0406,Gang-166
720,1,0,SocialHandle,False,0,@The_Jagan768,SOC-0407,Gang-167
721,1,0,SocialHandle,False,0,@The_Sanjay339,SOC-0408,Gang-168
723,1,0,SocialHandle,False,0,@Shadow_Sathish438,SOC-0410,Gang-169
736,1,0,SocialHandle,False,0,@Anon_Mathan765,SOC-0423,Gang-170
724,1,0,SocialHandle,False,0,@Official_Sanjay64,SOC-0411,Gang-171
725,1,0,SocialHandle,False,0,@Only_Nandha455,SOC-0412,Gang-172
726,1,0,SocialHandle,False,0,@Only_Mohan238,SOC-0413,Gang-173
727,1,0,SocialHandle,False,0,@Dark_Nithin158,SOC-0414,Gang-174
728,1,0,SocialHandle,False,0,@Shadow_Babu140,SOC-0415,Gang-175
729,1,0,SocialHandle,False,0,@Official_Praveen628,SOC-0416,Gang-176
730,1,0,SocialHandle,False,0,@Only_Udhay615,SOC-0417,Gang-177
731,1,0,SocialHandle,False,0,@Anon_Nandha839,SOC-0418,Gang-178
732,1,0,SocialHandle,False,0,@Real_Naveen26,SOC-0419,Gang-179
733,1,0,SocialHandle,False,0,@Temp_Hariharan565,SOC-0420,Gang-180
734,1,0,SocialHandle,False,0,@Temp_Balaji902,SOC-0421,Gang-181
735,1,0,SocialHandle,False,0,@Real_Saravanan202,SOC-0422,Gang-182
764,1,0,SocialHandle,False,0,@Real_Tamilarasan686,SOC-0451,Gang-183
793,1,0,SocialHandle,False,0,@Only_Vignesh998,SOC-0480,Gang-184
766,1,0,SocialHandle,False,0,@Real_Sathish592,SOC-0453,Gang-185
810,1,0,SocialHandle,False,0,@Official_Karthik439,SOC-0497,Gang-186
798,1,0,SocialHandle,False,0,@Anon_Nithin492,SOC-0485,Gang-187
799,1,0,SocialHandle,False,0,@Only_Sathish741,SOC-0486,Gang-188
800,1,0,SocialHandle,False,0,@Anon_Kishore647,SOC-0487,Gang-189
801,1,0,SocialHandle,False,0,@Xyz_Vignesh234,SOC-0488,Gang-190
802,1,0,SocialHandle,False,0,@Anon_Senthil828,SOC-0489,Gang-191
803,1,0,SocialHandle,False,0,@Official_Kannan375,SOC-0490,Gang-192
804,1,0,SocialHandle,False,0,@Xyz_Jeeva239,SOC-0491,Gang-193
805,1,0,SocialHandle,False,0,@Anon_Anand995,SOC-0492,Gang-194
806,1,0,SocialHandle,False,0,@Shadow_Rajesh170,SOC-0493,Gang-195
807,1,0,SocialHandle,False,0,@Real_Uma878,SOC-0494,Gang-196
808,1,0,SocialHandle,False,0,@Dark_Dinesh929,SOC-0495,Gang-197
809,1,0,SocialHandle,False,0,@Shadow_Dinesh332,SOC-0496,Gang-198
811,1,0,SocialHandle,False,0,@Dark_Hariharan466,SOC-0498,Gang-199
767,1,0,SocialHandle,False,0,@Only_Arun263,SOC-0454,Gang-200
812,1,0,SocialHandle,False,0,@Xyz_Mathan358,SOC-0499,Gang-201
813,1,0,SocialHandle,False,0,@Anon_Elango357,SOC-0500,Gang-202
814,1,0,SocialHandle,False,0,@Dark_Uma542,SOC-0501,Gang-203
815,1,0,SocialHandle,False,0,@Real_Dinesh104,SOC-0502,Gang-204
816,1,0,SocialHandle,False,0,@Official_Abirami608,SOC-0503,Gang-205
817,1,0,SocialHandle,False,0,@The_Vasanth731,SOC-0504,Gang-206
818,1,0,SocialHandle,False,0,@Temp_Jeeva882,SOC-0505,Gang-207
819,1,0,SocialHandle,False,0,@Official_Vasanthi311,SOC-0506,Gang-208
820,1,0,SocialHandle,False,0,@Dark_Selvam496,SOC-0507,Gang-209
821,1,0,SocialHandle,False,0,@Real_Vasanth829,SOC-0508,Gang-210
822,1,0,SocialHandle,False,0,@The_Gokul734,SOC-0509,Gang-211
708,1,0,SocialHandle,False,0,@Temp_Karthik100,SOC-0395,Gang-212
797,1,0,SocialHandle,False,0,@Xyz_Siva205,SOC-0484,Gang-213
796,1,0,SocialHandle,False,0,@Official_Abirami99,SOC-0483,Gang-214
795,1,0,SocialHandle,False,0,@Shadow_Yuvaraj611,SOC-0482,Gang-215
794,1,0,SocialHandle,False,0,@Real_Mohan949,SOC-0481,Gang-216
768,1,0,SocialHandle,False,0,@Anon_Sanjay683,SOC-0455,Gang-217
769,1,0,SocialHandle,False,0,@Temp_Gunasekar409,SOC-0456,Gang-218
770,1,0,SocialHandle,False,0,@User_Gokul687,SOC-0457,Gang-219
771,1,0,SocialHandle,False,0,@Dark_Ajith224,SOC-0458,Gang-220
772,1,0,SocialHandle,False,0,@Anon_Abirami284,SOC-0459,Gang-221
773,1,0,SocialHandle,False,0,@Official_Rakesh671,SOC-0460,Gang-222
774,1,0,SocialHandle,False,0,@Dark_Mathan928,SOC-0461,Gang-223
775,1,0,SocialHandle,False,0,@Temp_Karthik982,SOC-0462,Gang-224
776,1,0,SocialHandle,False,0,@Dark_Venkat233,SOC-0463,Gang-225
777,1,0,SocialHandle,False,0,@Real_Vasanthi334,SOC-0464,Gang-226
778,1,0,SocialHandle,False,0,@Real_Senthil557,SOC-0465,Gang-227
779,1,0,SocialHandle,False,0,@Dark_Bharath907,SOC-0466,Gang-228
780,1,0,SocialHandle,False,0,@Shadow_Jagan474,SOC-0467,Gang-229
781,1,0,SocialHandle,False,0,@Temp_Arun94,SOC-0468,Gang-230
782,1,0,SocialHandle,False,0,@User_Meena980,SOC-0469,Gang-231
783,1,0,SocialHandle,False,0,@Anon_Sanjay131,SOC-0470,Gang-232
784,1,0,SocialHandle,False,0,@Official_Murugan754,SOC-0471,Gang-233
785,1,0,SocialHandle,False,0,@Shadow_Gokul606,SOC-0472,Gang-234
786,1,0,SocialHandle,False,0,@Real_Bharath107,SOC-0473,Gang-235
787,1,0,SocialHandle,False,0,@Anon_Dharani902,SOC-0474,Gang-236
788,1,0,SocialHandle,False,0,@Shadow_Ezhilan764,SOC-0475,Gang-237
789,1,0,SocialHandle,False,0,@Anon_Sathish514,SOC-0476,Gang-238
790,1,0,SocialHandle,False,0,@Official_Jeeva586,SOC-0477,Gang-239
791,1,0,SocialHandle,False,0,@Shadow_Tamilarasan36,SOC-0478,Gang-240
792,1,0,SocialHandle,False,0,@Anon_Balaji653,SOC-0479,Gang-241
709,1,0,SocialHandle,False,0,@Anon_Gopal474,SOC-0396,Gang-242
646,1,0,SocialHandle,False,0,@Dark_Gokul799,SOC-0333,Gang-243
707,1,0,SocialHandle,False,0,@User_Madhan591,SOC-0394,Gang-244
621,1,0,SocialHandle,False,0,@Real_Arun229,SOC-0308,Gang-245
623,1,0,SocialHandle,False,0,@Temp_Karthik681,SOC-0310,Gang-246
624,1,0,SocialHandle,False,0,@Official_Janani209,SOC-0311,Gang-247
625,1,0,SocialHandle,False,0,@Official_Gokul808,SOC-0312,Gang-248
626,1,0,SocialHandle,False,0,@Shadow_Kavitha996,SOC-0313,Gang-249
627,1,0,SocialHandle,False,0,@Real_Hemanth401,SOC-0314,Gang-250
628,1,0,SocialHandle,False,0,@The_Rakesh979,SOC-0315,Gang-251
629,1,0,SocialHandle,False,0,@User_Harish878,SOC-0316,Gang-252
630,1,0,SocialHandle,False,0,@User_Dharani548,SOC-0317,Gang-253
631,1,0,SocialHandle,False,0,@Anon_Janani333,SOC-0318,Gang-254
632,1,0,SocialHandle,False,0,@Shadow_Vasanthi884,SOC-0319,Gang-255
633,1,0,SocialHandle,False,0,@Only_Rajesh159,SOC-0320,Gang-256
634,1,0,SocialHandle,False,0,@Anon_Arun317,SOC-0321,Gang-257
635,1,0,SocialHandle,False,0,@Anon_Tamilarasan772,SOC-0322,Gang-258
636,1,0,SocialHandle,False,0,@Temp_Jeeva599,SOC-0323,Gang-259
637,1,0,SocialHandle,False,0,@Temp_Rajesh303,SOC-0324,Gang-260
638,1,0,SocialHandle,False,0,@Shadow_Arun678,SOC-0325,Gang-261
639,1,0,SocialHandle,False,0,@The_Dinesh198,SOC-0326,Gang-262
640,1,0,SocialHandle,False,0,@Only_Arun851,SOC-0327,Gang-263
641,1,0,SocialHandle,False,0,@The_Harish615,SOC-0328,Gang-264
642,1,0,SocialHandle,False,0,@Real_Eswari462,SOC-0329,Gang-265
643,1,0,SocialHandle,False,0,@Official_Praveen91,SOC-0330,Gang-266
644,1,0,SocialHandle,False,0,@User_Chandran557,SOC-0331,Gang-267
645,1,0,SocialHandle,False,0,@User_Hariharan282,SOC-0332,Gang-268
824,1,0,SocialHandle,False,0,@Temp_Jagan464,SOC-0511,Gang-269
647,1,0,SocialHandle,False,0,@Shadow_Mathan172,SOC-0334,Gang-270
622,1,0,SocialHandle,False,0,@Anon_Hariharan958,SOC-0309,Gang-271
620,1,0,SocialHandle,False,0,@The_Suresh389,SOC-0307,Gang-272
649,1,0,SocialHandle,False,0,@User_Selvam71,SOC-0336,Gang-273
619,1,0,SocialHandle,False,0,@Dark_Hariharan677,SOC-0306,Gang-274
594,1,0,SocialHandle,False,0,@Xyz_Hemanth501,SOC-0281,Gang-275
595,1,0,SocialHandle,False,0,@Dark_Logesh406,SOC-0282,Gang-276
596,1,0,SocialHandle,False,0,@Only_Nithin943,SOC-0283,Gang-277
597,1,0,SocialHandle,False,0,@The_Murugan230,SOC-0284,Gang-278
598,1,0,SocialHandle,False,0,@Only_Mathan936,SOC-0285,Gang-279
599,1,0,SocialHandle,False,0,@User_Nandha943,SOC-0286,Gang-280
600,1,0,SocialHandle,False,0,@Real_Dinesh181,SOC-0287,Gang-281
601,1,0,SocialHandle,False,0,@Xyz_Rajesh858,SOC-0288,Gang-282
602,1,0,SocialHandle,False,0,@Shadow_Vignesh27,SOC-0289,Gang-283
603,1,0,SocialHandle,False,0,@Dark_Udhay825,SOC-0290,Gang-284
604,1,0,SocialHandle,False,0,@The_Bharathi174,SOC-0291,Gang-285
605,1,0,SocialHandle,False,0,@Real_Jagan307,SOC-0292,Gang-286
606,1,0,SocialHandle,False,0,@Dark_Arun182,SOC-0293,Gang-287
607,1,0,SocialHandle,False,0,@Official_Kannan508,SOC-0294,Gang-288
608,1,0,SocialHandle,False,0,@Real_Anand923,SOC-0295,Gang-289
609,1,0,SocialHandle,False,0,@Anon_Harish679,SOC-0296,Gang-290
610,1,0,SocialHandle,False,0,@Real_Rakesh730,SOC-0297,Gang-291
611,1,0,SocialHandle,False,0,@Xyz_Anand267,SOC-0298,Gang-292
612,1,0,SocialHandle,False,0,@Anon_Uma179,SOC-0299,Gang-293
613,1,0,SocialHandle,False,0,@Only_Jeeva434,SOC-0300,Gang-294
614,1,0,SocialHandle,False,0,@Dark_Janani623,SOC-0301,Gang-295
615,1,0,SocialHandle,False,0,@Only_Kumaran860,SOC-0302,Gang-296
616,1,0,SocialHandle,False,0,@Only_Gokul397,SOC-0303,Gang-297
617,1,0,SocialHandle,False,0,@Xyz_Vignesh440,SOC-0304,Gang-298
618,1,0,SocialHandle,False,0,@Dark_Mohan147,SOC-0305,Gang-299
648,1,0,SocialHandle,False,0,@Only_Abirami19,SOC-0335,Gang-300
650,1,0,SocialHandle,False,0,@Anon_Sathish760,SOC-0337,Gang-301
706,1,0,SocialHandle,False,0,@Shadow_Lokesh241,SOC-0393,Gang-302
679,1,0,SocialHandle,False,0,@Temp_Elango913,SOC-0366,Gang-303
681,1,0,SocialHandle,False,0,@Anon_Vignesh777,SOC-0368,Gang-304
682,1,0,SocialHandle,False,0,@Official_Mathan492,SOC-0369,Gang-305
683,1,0,SocialHandle,False,0,@Temp_Lokesh757,SOC-0370,Gang-306
684,1,0,SocialHandle,False,0,@The_Hemanth639,SOC-0371,Gang-307
685,1,0,SocialHandle,False,0,@Real_Karthik34,SOC-0372,Gang-308
686,1,0,SocialHandle,False,0,@User_Abirami665,SOC-0373,Gang-309
687,1,0,SocialHandle,False,0,@Shadow_Kishore359,SOC-0374,Gang-310
688,1,0,SocialHandle,False,0,@The_Sanjay503,SOC-0375,Gang-311
689,1,0,SocialHandle,False,0,@Dark_Selvam651,SOC-0376,Gang-312
690,1,0,SocialHandle,False,0,@Only_Sanjay945,SOC-0377,Gang-313
691,1,0,SocialHandle,False,0,@Official_Arjun804,SOC-0378,Gang-314
692,1,0,SocialHandle,False,0,@Real_Karthik14,SOC-0379,Gang-315
693,1,0,SocialHandle,False,0,@User_Mathan601,SOC-0380,Gang-316
694,1,0,SocialHandle,False,0,@Real_Anand289,SOC-0381,Gang-317
695,1,0,SocialHandle,False,0,@The_Hariharan975,SOC-0382,Gang-318
696,1,0,SocialHandle,False,0,@User_Ganesh492,SOC-0383,Gang-319
697,1,0,SocialHandle,False,0,@Temp_Mathan374,SOC-0384,Gang-320
698,1,0,SocialHandle,False,0,@Real_Murugan476,SOC-0385,Gang-321
699,1,0,SocialHandle,False,0,@Anon_Kavitha482,SOC-0386,Gang-322
700,1,0,SocialHandle,False,0,@Official_Pandian555,SOC-0387,Gang-323
701,1,0,SocialHandle,False,0,@Real_Sathish616,SOC-0388,Gang-324
702,1,0,SocialHandle,False,0,@Anon_Chandran554,SOC-0389,Gang-325
703,1,0,SocialHandle,False,0,@Shadow_Siva101,SOC-0390,Gang-326
704,1,0,SocialHandle,False,0,@Xyz_Karthik850,SOC-0391,Gang-327
705,1,0,SocialHandle,False,0,@Dark_Chithra455,SOC-0392,Gang-328
680,1,0,SocialHandle,False,0,@Xyz_Jagan294,SOC-0367,Gang-329
678,1,0,SocialHandle,False,0,@Official_Mathan651,SOC-0365,Gang-330
651,1,0,SocialHandle,False,0,@User_Divya644,SOC-0338,Gang-331
677,1,0,SocialHandle,False,0,@Official_Sathish482,SOC-0364,Gang-332
652,1,0,SocialHandle,False,0,@The_Mohan637,SOC-0339,Gang-333
653,1,0,SocialHandle,False,0,@Shadow_Madhan823,SOC-0340,Gang-334
654,1,0,SocialHandle,False,0,@Anon_Kannan729,SOC-0341,Gang-335
655,1,0,SocialHandle,False,0,@Shadow_Nithin934,SOC-0342,Gang-336
656,1,0,SocialHandle,False,0,@Xyz_Gunasekar958,SOC-0343,Gang-337
657,1,0,SocialHandle,False,0,@Real_Hariharan48,SOC-0344,Gang-338
658,1,0,SocialHandle,False,0,@Real_Murugan750,SOC-0345,Gang-339
659,1,0,SocialHandle,False,0,@User_Rajesh322,SOC-0346,Gang-340
660,1,0,SocialHandle,False,0,@Anon_Nandha780,SOC-0347,Gang-341
661,1,0,SocialHandle,False,0,@Anon_Jeeva414,SOC-0348,Gang-342
662,1,0,SocialHandle,False,0,@Real_Gokul697,SOC-0349,Gang-343
663,1,0,SocialHandle,False,0,@Temp_Nithin159,SOC-0350,Gang-344
664,1,0,SocialHandle,False,0,@Official_Hariharan24,SOC-0351,Gang-345
665,1,0,SocialHandle,False,0,@Real_Senthil29,SOC-0352,Gang-346
666,1,0,SocialHandle,False,0,@Only_Divya522,SOC-0353,Gang-347
667,1,0,SocialHandle,False,0,@User_Sanjay365,SOC-0354,Gang-348
668,1,0,SocialHandle,False,0,@Xyz_Elango981,SOC-0355,Gang-349
669,1,0,SocialHandle,False,0,@Dark_Eswari256,SOC-0356,Gang-350
670,1,0,SocialHandle,False,0,@Only_Harish893,SOC-0357,Gang-351
671,1,0,SocialHandle,False,0,@Real_Vignesh198,SOC-0358,Gang-352
672,1,0,SocialHandle,False,0,@Real_Selvam104,SOC-0359,Gang-353
673,1,0,SocialHandle,False,0,@Real_Kannan714,SOC-0360,Gang-354
674,1,0,SocialHandle,False,0,@Only_Arun241,SOC-0361,Gang-355
675,1,0,SocialHandle,False,0,@Shadow_Rajesh413,SOC-0362,Gang-356
676,1,0,SocialHandle,False,0,@Only_Ezhilan541,SOC-0363,Gang-357
823,1,0,SocialHandle,False,0,@Temp_Nithin544,SOC-0510,Gang-358
887,1,0,SocialHandle,False,0,@Only_Naveen226,SOC-0574,Gang-359
825,1,0,SocialHandle,False,0,@Real_Siva505,SOC-0512,Gang-360
985,1,0,SocialHandle,False,0,@The_Naveen332,SOC-0672,Gang-361
973,1,0,SocialHandle,False,0,@Dark_Mathan620,SOC-0660,Gang-362
974,1,0,SocialHandle,False,0,@Anon_Mathan181,SOC-0661,Gang-363
975,1,0,SocialHandle,False,0,@Only_Lokesh600,SOC-0662,Gang-364
976,1,0,SocialHandle,False,0,@Shadow_Sanjay970,SOC-0663,Gang-365
977,1,0,SocialHandle,False,0,@Official_Udhay339,SOC-0664,Gang-366
978,1,0,SocialHandle,False,0,@Real_Rajesh86,SOC-0665,Gang-367
979,1,0,SocialHandle,False,0,@Xyz_Nithya889,SOC-0666,Gang-368
980,1,0,SocialHandle,False,0,@Temp_Venkat535,SOC-0667,Gang-369
981,1,0,SocialHandle,False,0,@Real_Karthik959,SOC-0668,Gang-370
982,1,0,SocialHandle,False,0,@Temp_Nithya515,SOC-0669,Gang-371
983,1,0,SocialHandle,False,0,@Real_Naveen554,SOC-0670,Gang-372
984,1,0,SocialHandle,False,0,@Only_Kumaran365,SOC-0671,Gang-373
986,1,0,SocialHandle,False,0,@Real_Gopal56,SOC-0673,Gang-374
942,1,0,SocialHandle,False,0,@Dark_Mohan258,SOC-0629,Gang-375
987,1,0,SocialHandle,False,0,@Official_Mohan833,SOC-0674,Gang-376
988,1,0,SocialHandle,False,0,@Official_Hemanth737,SOC-0675,Gang-377
989,1,0,SocialHandle,False,0,@Only_Gokul952,SOC-0676,Gang-378
990,1,0,SocialHandle,False,0,@Shadow_Kavitha410,SOC-0677,Gang-379
991,1,0,SocialHandle,False,0,@Official_Sathish122,SOC-0678,Gang-380
992,1,0,SocialHandle,False,0,@Official_Arun508,SOC-0679,Gang-381
993,1,0,SocialHandle,False,0,@Xyz_Prakash168,SOC-0680,Gang-382
994,1,0,SocialHandle,False,0,@Only_Hemanth841,SOC-0681,Gang-383
995,1,0,SocialHandle,False,0,@Temp_Rakesh152,SOC-0682,Gang-384
996,1,0,SocialHandle,False,0,@Anon_Kannan372,SOC-0683,Gang-385
997,1,0,SocialHandle,False,0,@Only_Sathish604,SOC-0684,Gang-386
998,1,0,SocialHandle,False,0,@Xyz_Ajith481,SOC-0685,Gang-387
972,1,0,SocialHandle,False,0,@Shadow_Vijay735,SOC-0659,Gang-388
971,1,0,SocialHandle,False,0,@The_Elango544,SOC-0658,Gang-389
970,1,0,SocialHandle,False,0,@Real_Dinesh508,SOC-0657,Gang-390
969,1,0,SocialHandle,False,0,@Official_Gunasekar685,SOC-0656,Gang-391
944,1,0,SocialHandle,False,0,@Anon_Selvam810,SOC-0631,Gang-392
945,1,0,SocialHandle,False,0,@The_Ganesh288,SOC-0632,Gang-393
946,1,0,SocialHandle,False,0,@Anon_Anand498,SOC-0633,Gang-394
947,1,0,SocialHandle,False,0,@Real_Prakash524,SOC-0634,Gang-395
948,1,0,SocialHandle,False,0,@Real_Kishore985,SOC-0635,Gang-396
949,1,0,SocialHandle,False,0,@Anon_Hariharan814,SOC-0636,Gang-397
950,1,0,SocialHandle,False,0,@Temp_Hariharan652,SOC-0637,Gang-398
951,1,0,SocialHandle,False,0,@Official_Kumaran175,SOC-0638,Gang-399
952,1,0,SocialHandle,False,0,@The_Nithin972,SOC-0639,Gang-400
953,1,0,SocialHandle,False,0,@Temp_Bharathi984,SOC-0640,Gang-401
954,1,0,SocialHandle,False,0,@Xyz_Jagan18,SOC-0641,Gang-402
955,1,0,SocialHandle,False,0,@Anon_Kavitha489,SOC-0642,Gang-403
956,1,0,SocialHandle,False,0,@Shadow_Elango628,SOC-0643,Gang-404
957,1,0,SocialHandle,False,0,@Only_Hariharan337,SOC-0644,Gang-405
958,1,0,SocialHandle,False,0,@Anon_Yuvaraj902,SOC-0645,Gang-406
959,1,0,SocialHandle,False,0,@The_Yuvaraj213,SOC-0646,Gang-407
960,1,0,SocialHandle,False,0,@Real_Jeeva750,SOC-0647,Gang-408
961,1,0,SocialHandle,False,0,@Dark_Kishore279,SOC-0648,Gang-409
962,1,0,SocialHandle,False,0,@The_Sanjay625,SOC-0649,Gang-410
963,1,0,SocialHandle,False,0,@Real_Prakash726,SOC-0650,Gang-411
964,1,0,SocialHandle,False,0,@Official_Siva728,SOC-0651,Gang-412
965,1,0,SocialHandle,False,0,@Real_Sanjay658,SOC-0652,Gang-413
966,1,0,SocialHandle,False,0,@Anon_Jeeva983,SOC-0653,Gang-414
967,1,0,SocialHandle,False,0,@The_Janani457,SOC-0654,Gang-415
968,1,0,SocialHandle,False,0,@The_Babu474,SOC-0655,Gang-416
999,1,0,SocialHandle,False,0,@Real_Yogesh768,SOC-0686,Gang-417
1000,1,0,SocialHandle,False,0,@Real_Arun317,SOC-0687,Gang-418
1001,1,0,SocialHandle,False,0,@User_Hariharan300,SOC-0688,Gang-419
1030,1,0,SocialHandle,False,0,@Dark_Jagan561,SOC-0717,Gang-420
1032,1,0,SocialHandle,False,0,@Xyz_Dharani260,SOC-0719,Gang-421
1033,1,0,SocialHandle,False,0,@Anon_Mohan770,SOC-0720,Gang-422
1034,1,0,SocialHandle,False,0,@Shadow_Ganesh140,SOC-0721,Gang-423
1035,1,0,SocialHandle,False,0,@Real_Naveen766,SOC-0722,Gang-424
1036,1,0,SocialHandle,False,0,@Real_Jeeva165,SOC-0723,Gang-425
1037,1,0,SocialHandle,False,0,@Real_Murugan247,SOC-0724,Gang-426
1038,1,0,SocialHandle,False,0,@The_Vignesh52,SOC-0725,Gang-427
1039,1,0,SocialHandle,False,0,@Official_Sathish179,SOC-0726,Gang-428
1040,1,0,SocialHandle,False,0,@The_Murugan108,SOC-0727,Gang-429
1041,1,0,SocialHandle,False,0,@Shadow_Babu218,SOC-0728,Gang-430
1042,1,0,SocialHandle,False,0,@Anon_Jeeva920,SOC-0729,Gang-431
1043,1,0,SocialHandle,False,0,@The_Vasanth529,SOC-0730,Gang-432
1044,1,0,SocialHandle,False,0,@Shadow_Karthik204,SOC-0731,Gang-433
1045,1,0,SocialHandle,False,0,@Only_Praveen281,SOC-0732,Gang-434
1046,1,0,SocialHandle,False,0,@User_Abirami454,SOC-0733,Gang-435
1047,1,0,SocialHandle,False,0,@Shadow_Venkat505,SOC-0734,Gang-436
1048,1,0,SocialHandle,False,0,@Anon_Sanjay312,SOC-0735,Gang-437
1049,1,0,Vehicle,False,1,Tn-01-Xx-1075,VEH-0015,Gang-438
1050,1,0,Vehicle,False,1,Tn-28-Zz-1080,VEH-0027,Gang-439
1051,1,0,Vehicle,False,1,Tn-58-Yy-1037,VEH-0028,Gang-440
1052,1,0,Vehicle,False,1,Tn-30-Zz-1083,VEH-0031,Gang-441
1053,1,0,Vehicle,False,0,Tn-69-Zz-1089,VEH-0042,Gang-442
1054,1,0,Vehicle,False,1,Tn-33-Xx-1090,VEH-0044,Gang-443
1055,1,0,Vehicle,False,1,Tn-68-Zz-1065,VEH-0048,Gang-444
1056,1,0,Vehicle,False,1,Tn-28-Zz-1092,VEH-0049,Gang-445
1031,1,0,SocialHandle,False,0,@Shadow_Siva91,SOC-0718,Gang-446
1029,1,0,SocialHandle,False,0,@Only_Sathish397,SOC-0716,Gang-447
1002,1,0,SocialHandle,False,0,@The_Hemanth489,SOC-0689,Gang-448
1028,1,0,SocialHandle,False,0,@User_Thirumal344,SOC-0715,Gang-449
1003,1,0,SocialHandle,False,0,@Dark_Arjun535,SOC-0690,Gang-450
1004,1,0,SocialHandle,False,0,@Anon_Gokul395,SOC-0691,Gang-451
1005,1,0,SocialHandle,False,0,@Temp_Kavitha642,SOC-0692,Gang-452
1006,1,0,SocialHandle,False,0,@Only_Vignesh117,SOC-0693,Gang-453
1007,1,0,SocialHandle,False,0,@Only_Nithya98,SOC-0694,Gang-454
1008,1,0,SocialHandle,False,0,@Real_Sanjay358,SOC-0695,Gang-455
1009,1,0,SocialHandle,False,0,@Temp_Kannan931,SOC-0696,Gang-456
1010,1,0,SocialHandle,False,0,@Dark_Revathi730,SOC-0697,Gang-457
1011,1,0,SocialHandle,False,0,@Xyz_Arun724,SOC-0698,Gang-458
1012,1,0,SocialHandle,False,0,@Shadow_Sanjay82,SOC-0699,Gang-459
1013,1,0,SocialHandle,False,0,@Xyz_Jeeva632,SOC-0700,Gang-460
1014,1,0,SocialHandle,False,0,@Dark_Vignesh572,SOC-0701,Gang-461
1015,1,0,SocialHandle,False,0,@Only_Venkat104,SOC-0702,Gang-462
1016,1,0,SocialHandle,False,0,@Real_Sanjay88,SOC-0703,Gang-463
1017,1,0,SocialHandle,False,0,@Official_Sathish90,SOC-0704,Gang-464
1018,1,0,SocialHandle,False,0,@User_Thirumal250,SOC-0705,Gang-465
1019,1,0,SocialHandle,False,0,@Real_Yuvaraj71,SOC-0706,Gang-466
1020,1,0,SocialHandle,False,0,@Official_Selvam839,SOC-0707,Gang-467
1021,1,0,SocialHandle,False,0,@Xyz_Prakash484,SOC-0708,Gang-468
1022,1,0,SocialHandle,False,0,@Shadow_Mohan285,SOC-0709,Gang-469
1023,1,0,SocialHandle,False,0,@Anon_Vignesh483,SOC-0710,Gang-470
1024,1,0,SocialHandle,False,0,@Temp_Mohan574,SOC-0711,Gang-471
1025,1,0,SocialHandle,False,0,@Temp_Hariharan681,SOC-0712,Gang-472
1026,1,0,SocialHandle,False,0,@User_Eswari984,SOC-0713,Gang-473
1027,1,0,SocialHandle,False,0,@Xyz_Anand464,SOC-0714,Gang-474
943,1,0,SocialHandle,False,0,@Temp_Lokesh85,SOC-0630,Gang-475
941,1,0,SocialHandle,False,0,@Xyz_Vignesh851,SOC-0628,Gang-476
826,1,0,SocialHandle,False,0,@Official_Dharani591,SOC-0513,Gang-477
868,1,0,SocialHandle,False,0,@Official_Madhan778,SOC-0555,Gang-478
856,1,0,SocialHandle,False,0,@Anon_Gokul68,SOC-0543,Gang-479
857,1,0,SocialHandle,False,0,@Dark_Gokul988,SOC-0544,Gang-480
858,1,0,SocialHandle,False,0,@Temp_Mathan217,SOC-0545,Gang-481
859,1,0,SocialHandle,False,0,@Xyz_Gokul346,SOC-0546,Gang-482
860,1,0,SocialHandle,False,0,@Dark_Yuvaraj637,SOC-0547,Gang-483
861,1,0,SocialHandle,False,0,@Xyz_Dinesh134,SOC-0548,Gang-484
862,1,0,SocialHandle,False,0,@The_Anand492,SOC-0549,Gang-485
863,1,0,SocialHandle,False,0,@Real_Kumaran697,SOC-0550,Gang-486
864,1,0,SocialHandle,False,0,@Shadow_Lokesh340,SOC-0551,Gang-487
865,1,0,SocialHandle,False,0,@Temp_Murugan387,SOC-0552,Gang-488
866,1,0,SocialHandle,False,0,@Dark_Mathan533,SOC-0553,Gang-489
867,1,0,SocialHandle,False,0,@Only_Sanjay955,SOC-0554,Gang-490
869,1,0,SocialHandle,False,0,@Xyz_Rajesh339,SOC-0556,Gang-491
940,1,0,SocialHandle,False,0,@Dark_Suresh626,SOC-0627,Gang-492
870,1,0,SocialHandle,False,0,@Real_Dharani187,SOC-0557,Gang-493
871,1,0,SocialHandle,False,0,@Real_Hariharan787,SOC-0558,Gang-494
872,1,0,SocialHandle,False,0,@Dark_Nandha585,SOC-0559,Gang-495
873,1,0,SocialHandle,False,0,@Anon_Vasanthi424,SOC-0560,Gang-496
874,1,0,SocialHandle,False,0,@Shadow_Udhay723,SOC-0561,Gang-497
875,1,0,SocialHandle,False,0,@Official_Hariharan629,SOC-0562,Gang-498
876,1,0,SocialHandle,False,0,@Xyz_Kishore941,SOC-0563,Gang-499
877,1,0,SocialHandle,False,0,@Real_Dinesh121,SOC-0564,Gang-500
878,1,0,SocialHandle,False,0,@User_Udhay109,SOC-0565,Gang-501
879,1,0,SocialHandle,False,0,@Official_Udhay933,SOC-0566,Gang-502
880,1,0,SocialHandle,False,0,@Real_Mohan360,SOC-0567,Gang-503
881,1,0,SocialHandle,False,0,@Real_Ezhilan226,SOC-0568,Gang-504
855,1,0,SocialHandle,False,0,@Anon_Nithin121,SOC-0542,Gang-505
854,1,0,SocialHandle,False,0,@The_Madhan167,SOC-0541,Gang-506
853,1,0,SocialHandle,False,0,@Anon_Gopal839,SOC-0540,Gang-507
852,1,0,SocialHandle,False,0,@Dark_Nithin798,SOC-0539,Gang-508
827,1,0,SocialHandle,False,0,@Dark_Jagan994,SOC-0514,Gang-509
828,1,0,SocialHandle,False,0,@Real_Yuvaraj414,SOC-0515,Gang-510
829,1,0,SocialHandle,False,0,@Official_Hariharan780,SOC-0516,Gang-511
830,1,0,SocialHandle,False,0,@Real_Jagan816,SOC-0517,Gang-512
831,1,0,SocialHandle,False,0,@User_Vignesh137,SOC-0518,Gang-513
832,1,0,SocialHandle,False,0,@Only_Sathish249,SOC-0519,Gang-514
833,1,0,SocialHandle,False,0,@User_Sanjay970,SOC-0520,Gang-515
834,1,0,SocialHandle,False,0,@Anon_Murugan380,SOC-0521,Gang-516
835,1,0,SocialHandle,False,0,@Only_Nandha352,SOC-0522,Gang-517
836,1,0,SocialHandle,False,0,@Real_Mathan38,SOC-0523,Gang-518
837,1,0,SocialHandle,False,0,@Shadow_Nithin542,SOC-0524,Gang-519
838,1,0,SocialHandle,False,0,@Real_Vignesh114,SOC-0525,Gang-520
839,1,0,SocialHandle,False,0,@Anon_Gopal403,SOC-0526,Gang-521
840,1,0,SocialHandle,False,0,@Real_Udhay115,SOC-0527,Gang-522
841,1,0,SocialHandle,False,0,@The_Nithin258,SOC-0528,Gang-523
842,1,0,SocialHandle,False,0,@The_Hariharan490,SOC-0529,Gang-524
843,1,0,SocialHandle,False,0,@Dark_Nithin362,SOC-0530,Gang-525
844,1,0,SocialHandle,False,0,@Temp_Mohan589,SOC-0531,Gang-526
845,1,0,SocialHandle,False,0,@Shadow_Revathi877,SOC-0532,Gang-527
846,1,0,SocialHandle,False,0,@Shadow_Madhan968,SOC-0533,Gang-528
847,1,0,SocialHandle,False,0,@Official_Jagan818,SOC-0534,Gang-529
848,1,0,SocialHandle,False,0,@Temp_Gopal76,SOC-0535,Gang-530
849,1,0,SocialHandle,False,0,@Xyz_Vasanthi721,SOC-0536,Gang-531
850,1,0,SocialHandle,False,0,@Shadow_Anand289,SOC-0537,Gang-532
851,1,0,SocialHandle,False,0,@Official_Kishore958,SOC-0538,Gang-533
882,1,0,SocialHandle,False,0,@Shadow_Saravanan332,SOC-0569,Gang-534
883,1,0,SocialHandle,False,0,@The_Karthik36,SOC-0570,Gang-535
884,1,0,SocialHandle,False,0,@User_Nithin663,SOC-0571,Gang-536
913,1,0,SocialHandle,False,0,@Shadow_Yuvaraj448,SOC-0600,Gang-537
915,1,0,SocialHandle,False,0,@Only_Arun981,SOC-0602,Gang-538
916,1,0,SocialHandle,False,0,@Xyz_Karthik753,SOC-0603,Gang-539
917,1,0,SocialHandle,False,0,@Only_Hariharan642,SOC-0604,Gang-540
918,1,0,SocialHandle,False,0,@Xyz_Senthil635,SOC-0605,Gang-541
919,1,0,SocialHandle,False,0,@Only_Vignesh354,SOC-0606,Gang-542
920,1,0,SocialHandle,False,0,@Only_Mathan337,SOC-0607,Gang-543
921,1,0,SocialHandle,False,0,@Dark_Mohan199,SOC-0608,Gang-544
922,1,0,SocialHandle,False,0,@Temp_Senthil551,SOC-0609,Gang-545
923,1,0,SocialHandle,False,0,@Only_Ajith556,SOC-0610,Gang-546
924,1,0,SocialHandle,False,0,@Dark_Jeeva79,SOC-0611,Gang-547
925,1,0,SocialHandle,False,0,@Dark_Jeeva585,SOC-0612,Gang-548
926,1,0,SocialHandle,False,0,@Xyz_Gopal476,SOC-0613,Gang-549
927,1,0,SocialHandle,False,0,@Xyz_Sanjay128,SOC-0614,Gang-550
928,1,0,SocialHandle,False,0,@Shadow_Thirumal68,SOC-0615,Gang-551
929,1,0,SocialHandle,False,0,@Dark_Lokesh978,SOC-0616,Gang-552
930,1,0,SocialHandle,False,0,@Temp_Nandha202,SOC-0617,Gang-553
931,1,0,SocialHandle,False,0,@Dark_Gunasekar31,SOC-0618,Gang-554
932,1,0,SocialHandle,False,0,@User_Gopal990,SOC-0619,Gang-555
933,1,0,SocialHandle,False,0,@Official_Arun349,SOC-0620,Gang-556
934,1,0,SocialHandle,False,0,@Xyz_Senthil917,SOC-0621,Gang-557
935,1,0,SocialHandle,False,0,@Only_Prakash953,SOC-0622,Gang-558
936,1,0,SocialHandle,False,0,@Shadow_Nandha88,SOC-0623,Gang-559
937,1,0,SocialHandle,False,0,@Dark_Abirami163,SOC-0624,Gang-560
938,1,0,SocialHandle,False,0,@User_Anand892,SOC-0625,Gang-561
939,1,0,SocialHandle,False,0,@Temp_Madhan447,SOC-0626,Gang-562
914,1,0,SocialHandle,False,0,@Shadow_Elango914,SOC-0601,Gang-563
912,1,0,SocialHandle,False,0,@Xyz_Dinesh536,SOC-0599,Gang-564
885,1,0,SocialHandle,False,0,@Shadow_Kishore448,SOC-0572,Gang-565
911,1,0,SocialHandle,False,0,@Shadow_Vasanth315,SOC-0598,Gang-566
886,1,0,SocialHandle,False,0,@User_Vignesh140,SOC-0573,Gang-567
592,1,0,SocialHandle,False,0,@Xyz_Suresh809,SOC-0279,Gang-568
888,1,0,SocialHandle,False,0,@Official_Praveen691,SOC-0575,Gang-569
889,1,0,SocialHandle,False,0,@Shadow_Mathan396,SOC-0576,Gang-570
890,1,0,SocialHandle,False,0,@Official_Karthik73,SOC-0577,Gang-571
891,1,0,SocialHandle,False,0,@Dark_Lokesh19,SOC-0578,Gang-572
892,1,0,SocialHandle,False,0,@Anon_Murugan308,SOC-0579,Gang-573
893,1,0,SocialHandle,False,0,@Official_Nandha844,SOC-0580,Gang-574
894,1,0,SocialHandle,False,0,@Real_Nandha550,SOC-0581,Gang-575
895,1,0,SocialHandle,False,0,@Official_Nithin478,SOC-0582,Gang-576
896,1,0,SocialHandle,False,0,@Shadow_Gopal753,SOC-0583,Gang-577
897,1,0,SocialHandle,False,0,@The_Ajith977,SOC-0584,Gang-578
898,1,0,SocialHandle,False,0,@Shadow_Nithin21,SOC-0585,Gang-579
899,1,0,SocialHandle,False,0,@Temp_Tamilarasan195,SOC-0586,Gang-580
900,1,0,SocialHandle,False,0,@Only_Sanjay998,SOC-0587,Gang-581
901,1,0,SocialHandle,False,0,@Xyz_Thirumal218,SOC-0588,Gang-582
902,1,0,SocialHandle,False,0,@Dark_Arun398,SOC-0589,Gang-583
903,1,0,SocialHandle,False,0,@Dark_Praveen984,SOC-0590,Gang-584
904,1,0,SocialHandle,False,0,@Official_Mohan632,SOC-0591,Gang-585
905,1,0,SocialHandle,False,0,@Anon_Chithra616,SOC-0592,Gang-586
906,1,0,SocialHandle,False,0,@Official_Prakash292,SOC-0593,Gang-587
907,1,0,SocialHandle,False,0,@Real_Kishore757,SOC-0594,Gang-588
908,1,0,SocialHandle,False,0,@Xyz_Ganesh964,SOC-0595,Gang-589
909,1,0,SocialHandle,False,0,@Dark_Elango729,SOC-0596,Gang-590
910,1,0,SocialHandle,False,0,@Only_Selvam861,SOC-0597,Gang-591
593,1,0,SocialHandle,False,0,@Dark_Vignesh438,SOC-0280,Gang-592
529,1,0,SocialHandle,False,0,@Official_Eswari91,SOC-0216,Gang-593
591,1,0,SocialHandle,False,0,@Real_Nithin962,SOC-0278,Gang-594
284,1,0,Mobile,False,1,9000000298,MOB-0153,Gang-595
272,1,0,Mobile,False,0,9000000320,MOB-0141,Gang-596
273,1,0,Mobile,False,1,9000000145,MOB-0142,Gang-597
274,1,0,Mobile,False,0,9000000276,MOB-0143,Gang-598
275,1,0,Mobile,False,0,9000000459,MOB-0144,Gang-599
276,1,0,Mobile,False,1,9000000322,MOB-0145,Gang-600
277,1,0,Mobile,False,1,9000000095,MOB-0146,Gang-601
278,1,0,Mobile,False,1,9000000124,MOB-0147,Gang-602
279,1,0,Mobile,False,1,9000000271,MOB-0148,Gang-603
280,1,0,Mobile,False,1,9000000477,MOB-0149,Gang-604
281,1,0,Mobile,False,1,9000000047,MOB-0150,Gang-605
282,1,0,Mobile,False,0,9000000455,MOB-0151,Gang-606
283,1,0,Mobile,False,1,9000000486,MOB-0152,Gang-607
285,1,0,Mobile,False,1,9000000033,MOB-0154,Gang-608
357,1,0,SocialHandle,False,0,@Temp_Mohan788,SOC-0044,Gang-609
286,1,0,Mobile,False,1,9000000013,MOB-0155,Gang-610
287,1,0,Mobile,False,1,9000000297,MOB-0156,Gang-611
288,1,0,Mobile,False,1,9000000262,MOB-0157,Gang-612
289,1,0,Mobile,False,0,9000000350,MOB-0158,Gang-613
290,1,0,Mobile,False,1,9000000215,MOB-0159,Gang-614
291,1,0,Mobile,False,1,9000000451,MOB-0160,Gang-615
292,1,0,Mobile,False,0,9000000443,MOB-0162,Gang-616
293,1,0,Mobile,False,1,9000000306,MOB-0163,Gang-617
294,1,0,Mobile,False,1,9000000264,MOB-0164,Gang-618
295,1,0,Mobile,False,1,9000000129,MOB-0165,Gang-619
296,1,0,Mobile,False,0,9000000280,MOB-0166,Gang-620
297,1,0,Mobile,False,1,9000000457,MOB-0167,Gang-621
271,1,0,Mobile,False,1,9000000458,MOB-0140,Gang-622
270,1,0,Mobile,False,1,9000000030,MOB-0139,Gang-623
269,1,0,Mobile,False,1,9000000449,MOB-0138,Gang-624
268,1,0,Mobile,False,1,9000000084,MOB-0137,Gang-625
243,1,0,Mobile,False,1,9000000317,MOB-0111,Gang-626
244,1,0,Mobile,False,1,9000000353,MOB-0112,Gang-627
245,1,0,Mobile,False,1,9000000305,MOB-0113,Gang-628
246,1,0,Mobile,False,1,9000000180,MOB-0114,Gang-629
247,1,0,Mobile,False,1,9000000093,MOB-0115,Gang-630
248,1,0,Mobile,False,1,9000000146,MOB-0116,Gang-631
249,1,0,Mobile,False,1,9000000440,MOB-0118,Gang-632
250,1,0,Mobile,False,1,9000000071,MOB-0119,Gang-633
251,1,0,Mobile,False,0,9000000078,MOB-0120,Gang-634
252,1,0,Mobile,False,1,9000000091,MOB-0121,Gang-635
253,1,0,Mobile,False,1,9000000045,MOB-0122,Gang-636
254,1,0,Mobile,False,1,9000000073,MOB-0123,Gang-637
255,1,0,Mobile,False,1,9000000189,MOB-0124,Gang-638
256,1,0,Mobile,False,1,9000000166,MOB-0125,Gang-639
257,1,0,Mobile,False,1,9000000439,MOB-0126,Gang-640
258,1,0,Mobile,False,1,9000000231,MOB-0127,Gang-641
259,1,0,Mobile,False,1,9000000380,MOB-0128,Gang-642
260,1,0,Mobile,False,1,9000000005,MOB-0129,Gang-643
261,1,0,Mobile,False,1,9000000085,MOB-0130,Gang-644
262,1,0,Mobile,False,1,9000000233,MOB-0131,Gang-645
263,1,0,Mobile,False,1,9000000465,MOB-0132,Gang-646
264,1,0,Mobile,False,1,9000000376,MOB-0133,Gang-647
265,1,0,Mobile,False,1,9000000038,MOB-0134,Gang-648
266,1,0,Mobile,False,1,9000000415,MOB-0135,Gang-649
267,1,0,Mobile,False,1,9000000209,MOB-0136,Gang-650
298,1,0,Mobile,False,1,9000000375,MOB-0168,Gang-651
299,1,0,Mobile,False,0,9000000364,MOB-0169,Gang-652
300,1,0,Mobile,False,0,9000000421,MOB-0170,Gang-653
329,1,0,SocialHandle,False,0,@The_Mohan288,SOC-0016,Gang-654
331,1,0,SocialHandle,False,0,@Real_Madhan977,SOC-0018,Gang-655
332,1,0,SocialHandle,False,0,@Shadow_Ezhilan225,SOC-0019,Gang-656
333,1,0,SocialHandle,False,0,@The_Babu764,SOC-0020,Gang-657
334,1,0,SocialHandle,False,0,@Only_Praveen846,SOC-0021,Gang-658
335,1,0,SocialHandle,False,0,@User_Ganesh40,SOC-0022,Gang-659
336,1,0,SocialHandle,False,0,@The_Hemanth604,SOC-0023,Gang-660
337,1,0,SocialHandle,False,0,@Dark_Kishore931,SOC-0024,Gang-661
338,1,0,SocialHandle,False,0,@Temp_Mohan331,SOC-0025,Gang-662
339,1,0,SocialHandle,False,0,@The_Mohan206,SOC-0026,Gang-663
340,1,0,SocialHandle,False,0,@Real_Kumaran300,SOC-0027,Gang-664
341,1,0,SocialHandle,False,0,@Anon_Naveen559,SOC-0028,Gang-665
342,1,0,SocialHandle,False,0,@Anon_Lokesh419,SOC-0029,Gang-666
343,1,0,SocialHandle,False,0,@Anon_Jagan928,SOC-0030,Gang-667
344,1,0,SocialHandle,False,0,@Only_Hariharan75,SOC-0031,Gang-668
345,1,0,SocialHandle,False,0,@Temp_Nandha399,SOC-0032,Gang-669
346,1,0,SocialHandle,False,0,@Dark_Hariharan507,SOC-0033,Gang-670
347,1,0,SocialHandle,False,0,@Anon_Abirami344,SOC-0034,Gang-671
348,1,0,SocialHandle,False,0,@Anon_Murugan660,SOC-0035,Gang-672
349,1,0,SocialHandle,False,0,@The_Kishore997,SOC-0036,Gang-673
350,1,0,SocialHandle,False,0,@Real_Jagan723,SOC-0037,Gang-674
351,1,0,SocialHandle,False,0,@Real_Logesh166,SOC-0038,Gang-675
352,1,0,SocialHandle,False,0,@Only_Arun681,SOC-0039,Gang-676
353,1,0,SocialHandle,False,0,@Real_Jagan295,SOC-0040,Gang-677
354,1,0,SocialHandle,False,0,@Xyz_Kumaran756,SOC-0041,Gang-678
355,1,0,SocialHandle,False,0,@Xyz_Murugan267,SOC-0042,Gang-679
330,1,0,SocialHandle,False,0,@The_Jagan483,SOC-0017,Gang-680
328,1,0,SocialHandle,False,0,@Temp_Sathish836,SOC-0015,Gang-681
301,1,0,Mobile,False,1,9000000150,MOB-0171,Gang-682
327,1,0,SocialHandle,False,0,@Xyz_Pandian228,SOC-0014,Gang-683
302,1,0,Mobile,False,0,9000000109,MOB-0172,Gang-684
303,1,0,Mobile,False,1,9000000332,MOB-0173,Gang-685
304,1,0,Mobile,False,1,9000000299.0,MOB-0174,Gang-686
305,1,0,Mobile,False,1,9000000249.0,MOB-0175,Gang-687
306,1,0,Mobile,False,1,9000000423.0,MOB-0176,Gang-688
307,1,0,Mobile,False,1,9000000142.0,MOB-0177,Gang-689
308,1,0,Mobile,False,0,9000000059.0,MOB-0178,Gang-690
309,1,0,Mobile,False,1,9000000287.0,MOB-0179,Gang-691
310,1,0,Mobile,False,1,9000000494.0,MOB-0180,Gang-692
311,1,0,Mobile,False,1,9000000248.0,MOB-0181,Gang-693
312,1,0,Mobile,False,1,9000000283.0,MOB-0182,Gang-694
313,1,0,Mobile,False,1,9000000265.0,MOB-0183,Gang-695
314,1,0,SocialHandle,False,0,@Temp_Vignesh213,SOC-0001,Gang-696
315,1,0,SocialHandle,False,0,@Only_Logesh69,SOC-0002,Gang-697
316,1,0,SocialHandle,False,0,@The_Jagan281,SOC-0003,Gang-698
317,1,0,SocialHandle,False,0,@Anon_Janani133,SOC-0004,Gang-699
318,1,0,SocialHandle,False,0,@Anon_Jeeva103,SOC-0005,Gang-700
319,1,0,SocialHandle,False,0,@Anon_Praveen613,SOC-0006,Gang-701
320,1,0,SocialHandle,False,0,@Dark_Hemanth430,SOC-0007,Gang-702
321,1,0,SocialHandle,False,0,@Dark_Anand915,SOC-0008,Gang-703
322,1,0,SocialHandle,False,0,@The_Yogesh398,SOC-0009,Gang-704
323,1,0,SocialHandle,False,0,@Real_Rajesh377,SOC-0010,Gang-705
324,1,0,SocialHandle,False,0,@The_Nithya68,SOC-0011,Gang-706
325,1,0,SocialHandle,False,0,@Temp_Hariharan418,SOC-0012,Gang-707
326,1,0,SocialHandle,False,0,@Real_Rakesh633,SOC-0013,Gang-708
242,1,0,Mobile,False,1,9000000384,MOB-0110,Gang-709
241,1,0,Mobile,False,1,9000000273,MOB-0109,Gang-710
240,1,0,Mobile,False,1,9000000247,MOB-0108,Gang-711
154,1,0,Mobile,False,1,9000000002,MOB-0020,Gang-712
156,1,0,Mobile,False,1,9000000463,MOB-0022,Gang-713
157,1,0,Mobile,False,1,9000000379,MOB-0023,Gang-714
158,1,0,Mobile,False,0,9000000158,MOB-0024,Gang-715
159,1,0,Mobile,False,1,9000000366,MOB-0025,Gang-716
160,1,0,Mobile,False,1,9000000207,MOB-0026,Gang-717
161,1,0,Mobile,False,0,9000000410,MOB-0027,Gang-718
162,1,0,Mobile,False,0,9000000357,MOB-0028,Gang-719
163,1,0,Mobile,False,1,9000000187,MOB-0029,Gang-720
164,1,0,Mobile,False,1,9000000464,MOB-0030,Gang-721
165,1,0,Mobile,False,1,9000000164,MOB-0031,Gang-722
166,1,0,Mobile,False,0,9000000111,MOB-0032,Gang-723
167,1,0,Mobile,False,1,9000000363,MOB-0033,Gang-724
168,1,0,Mobile,False,0,9000000285,MOB-0034,Gang-725
169,1,0,Mobile,False,1,9000000490,MOB-0035,Gang-726
170,1,0,Mobile,False,0,9000000267,MOB-0036,Gang-727
171,1,0,Mobile,False,0,9000000181,MOB-0037,Gang-728
172,1,0,Mobile,False,1,9000000198,MOB-0038,Gang-729
173,1,0,Mobile,False,1,9000000165,MOB-0039,Gang-730
174,1,0,Mobile,False,1,9000000304,MOB-0040,Gang-731
175,1,0,Mobile,False,1,9000000491,MOB-0041,Gang-732
176,1,0,Mobile,False,0,9000000328,MOB-0042,Gang-733
177,1,0,Mobile,False,1,9000000154,MOB-0043,Gang-734
178,1,0,Mobile,False,1,9000000234,MOB-0044,Gang-735
179,1,0,Mobile,False,1,9000000113,MOB-0045,Gang-736
180,1,0,Mobile,False,0,9000000216,MOB-0046,Gang-737
155,1,0,Mobile,False,0,9000000277,MOB-0021,Gang-738
153,1,0,Mobile,False,1,9000000177,MOB-0019,Gang-739
182,1,0,Mobile,False,1,9000000088,MOB-0048,Gang-740
152,1,0,Mobile,False,0,9000000343,MOB-0018,Gang-741
127,1,0,CellTower,False,0,Tower-Slm-001,CEL-0001,Gang-742
128,1,0,CellTower,False,0,Tower-Cbe-001,CEL-0002,Gang-743
129,1,0,CellTower,False,0,Tower-Mdu-001,CEL-0003,Gang-744
130,1,0,CellTower,False,0,Tower-Tup-001,CEL-0004,Gang-745
131,1,0,CellTower,False,0,Tower-Try-001,CEL-0005,Gang-746
132,1,0,CellTower,False,0,Tower-Erd-001,CEL-0006,Gang-747
133,1,0,CellTower,False,0,Tower-Chn-001,CEL-0007,Gang-748
134,1,0,CellTower,False,0,Tower-Vlr-001,CEL-0008,Gang-749
135,1,0,Mobile,False,0,9000000068,MOB-0001,Gang-750
136,1,0,Mobile,False,1,9000000196,MOB-0002,Gang-751
137,1,0,Mobile,False,0,9000000487,MOB-0003,Gang-752
138,1,0,Mobile,False,1,9000000097,MOB-0004,Gang-753
139,1,0,Mobile,False,1,9000000245,MOB-0005,Gang-754
140,1,0,Mobile,False,0,9000000135,MOB-0006,Gang-755
141,1,0,Mobile,False,0,9000000120,MOB-0007,Gang-756
142,1,0,Mobile,False,0,9000000281,MOB-0008,Gang-757
143,1,0,Mobile,False,1,9000000212,MOB-0009,Gang-758
144,1,0,Mobile,False,1,9000000295,MOB-0010,Gang-759
145,1,0,Mobile,False,1,9000000004,MOB-0011,Gang-760
146,1,0,Mobile,False,1,9000000427,MOB-0012,Gang-761
147,1,0,Mobile,False,1,9000000155,MOB-0013,Gang-762
148,1,0,Mobile,False,1,9000000044,MOB-0014,Gang-763
149,1,0,Mobile,False,1,9000000157,MOB-0015,Gang-764
150,1,0,Mobile,False,0,9000000446,MOB-0016,Gang-765
151,1,0,Mobile,False,0,9000000156,MOB-0017,Gang-766
181,1,0,Mobile,False,1,9000000195,MOB-0047,Gang-767
183,1,0,Mobile,False,1,9000000221,MOB-0049,Gang-768
239,1,0,Mobile,False,0,9000000354,MOB-0107,Gang-769
212,1,0,Mobile,False,1,9000000191,MOB-0078,Gang-770
214,1,0,Mobile,False,0,9000000039,MOB-0080,Gang-771
215,1,0,Mobile,False,0,9000000152,MOB-0081,Gang-772
216,1,0,Mobile,False,1,9000000333,MOB-0082,Gang-773
217,1,0,Mobile,False,1,9000000053,MOB-0083,Gang-774
218,1,0,Mobile,False,1,9000000377,MOB-0084,Gang-775
219,1,0,Mobile,False,1,9000000454,MOB-0085,Gang-776
220,1,0,Mobile,False,0,9000000054,MOB-0086,Gang-777
221,1,0,Mobile,False,1,9000000372,MOB-0087,Gang-778
222,1,0,Mobile,False,1,9000000282,MOB-0088,Gang-779
223,1,0,Mobile,False,1,9000000141,MOB-0089,Gang-780
224,1,0,Mobile,False,1,9000000134,MOB-0091,Gang-781
225,1,0,Mobile,False,1,9000000403,MOB-0092,Gang-782
226,1,0,Mobile,False,1,9000000009,MOB-0094,Gang-783
227,1,0,Mobile,False,1,9000000405,MOB-0095,Gang-784
228,1,0,Mobile,False,0,9000000168,MOB-0096,Gang-785
229,1,0,Mobile,False,1,9000000188,MOB-0097,Gang-786
230,1,0,Mobile,False,0,9000000429,MOB-0098,Gang-787
231,1,0,Mobile,False,1,9000000070,MOB-0099,Gang-788
232,1,0,Mobile,False,1,9000000147,MOB-0100,Gang-789
233,1,0,Mobile,False,1,9000000318,MOB-0101,Gang-790
234,1,0,Mobile,False,1,9000000017,MOB-0102,Gang-791
235,1,0,Mobile,False,1,9000000374,MOB-0103,Gang-792
236,1,0,Mobile,False,1,9000000042,MOB-0104,Gang-793
237,1,0,Mobile,False,1,9000000393,MOB-0105,Gang-794
238,1,0,Mobile,False,0,9000000250,MOB-0106,Gang-795
213,1,0,Mobile,False,0,9000000133,MOB-0079,Gang-796
211,1,0,Mobile,False,1,9000000351,MOB-0077,Gang-797
184,1,0,Mobile,False,0,9000000105,MOB-0050,Gang-798
210,1,0,Mobile,False,0,9000000284,MOB-0076,Gang-799
185,1,0,Mobile,False,1,9000000382,MOB-0051,Gang-800
186,1,0,Mobile,False,0,9000000241,MOB-0052,Gang-801
187,1,0,Mobile,False,1,9000000125,MOB-0053,Gang-802
188,1,0,Mobile,False,1,9000000383,MOB-0054,Gang-803
189,1,0,Mobile,False,1,9000000407,MOB-0055,Gang-804
190,1,0,Mobile,False,0,9000000220,MOB-0056,Gang-805
191,1,0,Mobile,False,1,9000000309,MOB-0057,Gang-806
192,1,0,Mobile,False,1,9000000225,MOB-0058,Gang-807
193,1,0,Mobile,False,1,9000000433,MOB-0059,Gang-808
194,1,0,Mobile,False,0,9000000369,MOB-0060,Gang-809
195,1,0,Mobile,False,1,9000000289,MOB-0061,Gang-810
196,1,0,Mobile,False,1,9000000260,MOB-0062,Gang-811
197,1,0,Mobile,False,0,9000000096,MOB-0063,Gang-812
198,1,0,Mobile,False,1,9000000064,MOB-0064,Gang-813
199,1,0,Mobile,False,1,9000000352,MOB-0065,Gang-814
200,1,0,Mobile,False,1,9000000076,MOB-0066,Gang-815
201,1,0,Mobile,False,0,9000000469,MOB-0067,Gang-816
202,1,0,Mobile,False,1,9000000136,MOB-0068,Gang-817
203,1,0,Mobile,False,1,9000000339,MOB-0069,Gang-818
204,1,0,Mobile,False,1,9000000115,MOB-0070,Gang-819
205,1,0,Mobile,False,0,9000000050,MOB-0071,Gang-820
206,1,0,Mobile,False,1,9000000461,MOB-0072,Gang-821
207,1,0,Mobile,False,1,9000000256,MOB-0073,Gang-822
208,1,0,Mobile,False,0,9000000434,MOB-0074,Gang-823
209,1,0,Mobile,False,0,9000000174,MOB-0075,Gang-824
356,1,0,SocialHandle,False,0,@Official_Sanjay323,SOC-0043,Gang-825
358,1,0,SocialHandle,False,0,@Anon_Gopal461,SOC-0045,Gang-826
590,1,0,SocialHandle,False,0,@Xyz_Dinesh544,SOC-0277,Gang-827
517,1,0,SocialHandle,False,0,@Only_Nithin98,SOC-0204,Gang-828
505,1,0,SocialHandle,False,0,@Temp_Mathan151,SOC-0192,Gang-829
506,1,0,SocialHandle,False,0,@Anon_Siva435,SOC-0193,Gang-830
507,1,0,SocialHandle,False,0,@Official_Gokul905,SOC-0194,Gang-831
508,1,0,SocialHandle,False,0,@The_Hariharan640,SOC-0195,Gang-832
509,1,0,SocialHandle,False,0,@User_Mohan706,SOC-0196,Gang-833
510,1,0,SocialHandle,False,0,@The_Dharani265,SOC-0197,Gang-834
511,1,0,SocialHandle,False,0,@Anon_Gunasekar87,SOC-0198,Gang-835
512,1,0,SocialHandle,False,0,@Anon_Vijay660,SOC-0199,Gang-836
513,1,0,SocialHandle,False,0,@The_Tamilarasan389,SOC-0200,Gang-837
514,1,0,SocialHandle,False,0,@Real_Vijay11,SOC-0201,Gang-838
515,1,0,SocialHandle,False,0,@The_Ganesh499,SOC-0202,Gang-839
516,1,0,SocialHandle,False,0,@The_Udhay80,SOC-0203,Gang-840
518,1,0,SocialHandle,False,0,@Dark_Nithin312,SOC-0205,Gang-841
359,1,0,SocialHandle,False,0,@The_Nithin162,SOC-0046,Gang-842
519,1,0,SocialHandle,False,0,@Xyz_Pandian920,SOC-0206,Gang-843
520,1,0,SocialHandle,False,0,@User_Pandian611,SOC-0207,Gang-844
521,1,0,SocialHandle,False,0,@Dark_Ganesh94,SOC-0208,Gang-845
522,1,0,SocialHandle,False,0,@Xyz_Hariharan344,SOC-0209,Gang-846
523,1,0,SocialHandle,False,0,@Shadow_Elango836,SOC-0210,Gang-847
524,1,0,SocialHandle,False,0,@Only_Uma772,SOC-0211,Gang-848
525,1,0,SocialHandle,False,0,@Only_Gopal57,SOC-0212,Gang-849
526,1,0,SocialHandle,False,0,@Real_Karthik908,SOC-0213,Gang-850
527,1,0,SocialHandle,False,0,@Temp_Dinesh813,SOC-0214,Gang-851
528,1,0,SocialHandle,False,0,@Anon_Vasanthi775,SOC-0215,Gang-852
530,1,0,SocialHandle,False,0,@Temp_Udhay121,SOC-0217,Gang-853
531,1,0,SocialHandle,False,0,@Official_Ajith882,SOC-0218,Gang-854
504,1,0,SocialHandle,False,0,@Temp_Yuvaraj614,SOC-0191,Gang-855
503,1,0,SocialHandle,False,0,@Anon_Karthik550,SOC-0190,Gang-856
502,1,0,SocialHandle,False,0,@Dark_Thirumal171,SOC-0189,Gang-857
501,1,0,SocialHandle,False,0,@Dark_Sanjay620,SOC-0188,Gang-858
476,1,0,SocialHandle,False,0,@Only_Elango389,SOC-0163,Gang-859
477,1,0,SocialHandle,False,0,@Official_Madhan166,SOC-0164,Gang-860
478,1,0,SocialHandle,False,0,@Anon_Udhay182,SOC-0165,Gang-861
479,1,0,SocialHandle,False,0,@User_Anand792,SOC-0166,Gang-862
480,1,0,SocialHandle,False,0,@Temp_Yogesh663,SOC-0167,Gang-863
481,1,0,SocialHandle,False,0,@Only_Naveen644,SOC-0168,Gang-864
482,1,0,SocialHandle,False,0,@User_Arun729,SOC-0169,Gang-865
483,1,0,SocialHandle,False,0,@Official_Ajith57,SOC-0170,Gang-866
484,1,0,SocialHandle,False,0,@Real_Abirami316,SOC-0171,Gang-867
485,1,0,SocialHandle,False,0,@User_Sathish110,SOC-0172,Gang-868
486,1,0,SocialHandle,False,0,@Anon_Venkat243,SOC-0173,Gang-869
487,1,0,SocialHandle,False,0,@Official_Dinesh167,SOC-0174,Gang-870
488,1,0,SocialHandle,False,0,@Shadow_Nithin789,SOC-0175,Gang-871
489,1,0,SocialHandle,False,0,@Temp_Jagan543,SOC-0176,Gang-872
490,1,0,SocialHandle,False,0,@Official_Mohan859,SOC-0177,Gang-873
491,1,0,SocialHandle,False,0,@Real_Vasanth148,SOC-0178,Gang-874
492,1,0,SocialHandle,False,0,@Official_Udhay338,SOC-0179,Gang-875
493,1,0,SocialHandle,False,0,@Shadow_Jagan395,SOC-0180,Gang-876
494,1,0,SocialHandle,False,0,@Only_Ajith458,SOC-0181,Gang-877
495,1,0,SocialHandle,False,0,@Dark_Ganesh85,SOC-0182,Gang-878
496,1,0,SocialHandle,False,0,@Xyz_Senthil618,SOC-0183,Gang-879
497,1,0,SocialHandle,False,0,@Shadow_Karthik998,SOC-0184,Gang-880
498,1,0,SocialHandle,False,0,@Anon_Praveen393,SOC-0185,Gang-881
499,1,0,SocialHandle,False,0,@Anon_Tamilarasan749,SOC-0186,Gang-882
500,1,0,SocialHandle,False,0,@Only_Ezhilan538,SOC-0187,Gang-883
532,1,0,SocialHandle,False,0,@Dark_Kannan535,SOC-0219,Gang-884
533,1,0,SocialHandle,False,0,@Shadow_Praveen873,SOC-0220,Gang-885
534,1,0,SocialHandle,False,0,@Temp_Dinesh610,SOC-0221,Gang-886
563,1,0,SocialHandle,False,0,@Official_Vijay38,SOC-0250,Gang-887
565,1,0,SocialHandle,False,0,@Shadow_Gunasekar480,SOC-0252,Gang-888
566,1,0,SocialHandle,False,0,@Official_Nandha710,SOC-0253,Gang-889
567,1,0,SocialHandle,False,0,@Dark_Hemanth424,SOC-0254,Gang-890
568,1,0,SocialHandle,False,0,@Xyz_Kannan317,SOC-0255,Gang-891
569,1,0,SocialHandle,False,0,@Shadow_Abirami680,SOC-0256,Gang-892
570,1,0,SocialHandle,False,0,@Xyz_Rajesh315,SOC-0257,Gang-893
571,1,0,SocialHandle,False,0,@Real_Abirami509,SOC-0258,Gang-894
572,1,0,SocialHandle,False,0,@Anon_Sanjay814,SOC-0259,Gang-895
573,1,0,SocialHandle,False,0,@Xyz_Sanjay620,SOC-0260,Gang-896
574,1,0,SocialHandle,False,0,@User_Chithra243,SOC-0261,Gang-897
575,1,0,SocialHandle,False,0,@Xyz_Bharath648,SOC-0262,Gang-898
576,1,0,SocialHandle,False,0,@Dark_Sanjay90,SOC-0263,Gang-899
577,1,0,SocialHandle,False,0,@Dark_Uma860,SOC-0264,Gang-900
578,1,0,SocialHandle,False,0,@Xyz_Karthik216,SOC-0265,Gang-901
579,1,0,SocialHandle,False,0,@User_Madhan769,SOC-0266,Gang-902
580,1,0,SocialHandle,False,0,@Anon_Vignesh313,SOC-0267,Gang-903
581,1,0,SocialHandle,False,0,@User_Tamilarasan19,SOC-0268,Gang-904
582,1,0,SocialHandle,False,0,@The_Hariharan126,SOC-0269,Gang-905
583,1,0,SocialHandle,False,0,@The_Yogesh116,SOC-0270,Gang-906
584,1,0,SocialHandle,False,0,@Anon_Ganesh952,SOC-0271,Gang-907
585,1,0,SocialHandle,False,0,@Shadow_Meena541,SOC-0272,Gang-908
586,1,0,SocialHandle,False,0,@Only_Rakesh348,SOC-0273,Gang-909
587,1,0,SocialHandle,False,0,@Real_Mathan887,SOC-0274,Gang-910
588,1,0,SocialHandle,False,0,@Real_Karthik820,SOC-0275,Gang-911
589,1,0,SocialHandle,False,0,@Shadow_Sanjay583,SOC-0276,Gang-912
564,1,0,SocialHandle,False,0,@Anon_Gopal943,SOC-0251,Gang-913
562,1,0,SocialHandle,False,0,@Shadow_Naveen510,SOC-0249,Gang-914
535,1,0,SocialHandle,False,0,@Official_Divya296,SOC-0222,Gang-915
561,1,0,SocialHandle,False,0,@Real_Sanjay614,SOC-0248,Gang-916
536,1,0,SocialHandle,False,0,@Official_Gokul402,SOC-0223,Gang-917
537,1,0,SocialHandle,False,0,@Shadow_Sathish944,SOC-0224,Gang-918
538,1,0,SocialHandle,False,0,@User_Murugan838,SOC-0225,Gang-919
539,1,0,SocialHandle,False,0,@Shadow_Rakesh124,SOC-0226,Gang-920
540,1,0,SocialHandle,False,0,@Temp_Kannan38,SOC-0227,Gang-921
541,1,0,SocialHandle,False,0,@Shadow_Arjun993,SOC-0228,Gang-922
542,1,0,SocialHandle,False,0,@Anon_Siva674,SOC-0229,Gang-923
543,1,0,SocialHandle,False,0,@The_Thirumal191,SOC-0230,Gang-924
544,1,0,SocialHandle,False,0,@Anon_Bharath21,SOC-0231,Gang-925
545,1,0,SocialHandle,False,0,@The_Mathan915,SOC-0232,Gang-926
546,1,0,SocialHandle,False,0,@Official_Madhan30,SOC-0233,Gang-927
547,1,0,SocialHandle,False,0,@User_Suresh451,SOC-0234,Gang-928
548,1,0,SocialHandle,False,0,@Xyz_Siva749,SOC-0235,Gang-929
549,1,0,SocialHandle,False,0,@The_Udhay65,SOC-0236,Gang-930
550,1,0,SocialHandle,False,0,@The_Vasanthi389,SOC-0237,Gang-931
551,1,0,SocialHandle,False,0,@The_Yogesh780,SOC-0238,Gang-932
552,1,0,SocialHandle,False,0,@Only_Hemanth696,SOC-0239,Gang-933
553,1,0,SocialHandle,False,0,@Xyz_Madhan594,SOC-0240,Gang-934
554,1,0,SocialHandle,False,0,@The_Udhay53,SOC-0241,Gang-935
555,1,0,SocialHandle,False,0,@Shadow_Mohan887,SOC-0242,Gang-936
556,1,0,SocialHandle,False,0,@Official_Jagan774,SOC-0243,Gang-937
557,1,0,SocialHandle,False,0,@User_Karthik415,SOC-0244,Gang-938
558,1,0,SocialHandle,False,0,@Official_Sathish297,SOC-0245,Gang-939
559,1,0,SocialHandle,False,0,@Only_Gokul462,SOC-0246,Gang-940
560,1,0,SocialHandle,False,0,@Dark_Vignesh148,SOC-0247,Gang-941
475,1,0,SocialHandle,False,0,@Dark_Nandha487,SOC-0162,Gang-942
474,1,0,SocialHandle,False,0,@Only_Gopal969,SOC-0161,Gang-943
473,1,0,SocialHandle,False,0,@Real_Ezhilan202,SOC-0160,Gang-944
387,1,0,SocialHandle,False,0,@Real_Uma702,SOC-0074,Gang-945
389,1,0,SocialHandle,False,0,@Official_Rajesh957,SOC-0076,Gang-946
390,1,0,SocialHandle,False,0,@Real_Rajesh859,SOC-0077,Gang-947
391,1,0,SocialHandle,False,0,@The_Hariharan563,SOC-0078,Gang-948
392,1,0,SocialHandle,False,0,@Official_Revathi63,SOC-0079,Gang-949
393,1,0,SocialHandle,False,0,@Real_Rakesh226,SOC-0080,Gang-950
394,1,0,SocialHandle,False,0,@Real_Hariharan512,SOC-0081,Gang-951
395,1,0,SocialHandle,False,0,@Shadow_Jagan400,SOC-0082,Gang-952
396,1,0,SocialHandle,False,0,@Dark_Eswari357,SOC-0083,Gang-953
397,1,0,SocialHandle,False,0,@Real_Ajith103,SOC-0084,Gang-954
398,1,0,SocialHandle,False,0,@Dark_Sanjay372,SOC-0085,Gang-955
399,1,0,SocialHandle,False,0,@Anon_Hariharan239,SOC-0086,Gang-956
400,1,0,SocialHandle,False,0,@Temp_Babu961,SOC-0087,Gang-957
401,1,0,SocialHandle,False,0,@User_Murugan787,SOC-0088,Gang-958
402,1,0,SocialHandle,False,0,@Shadow_Sanjay329,SOC-0089,Gang-959
403,1,0,SocialHandle,False,0,@Only_Vijay248,SOC-0090,Gang-960
404,1,0,SocialHandle,False,0,@User_Arun219,SOC-0091,Gang-961
405,1,0,SocialHandle,False,0,@The_Revathi399,SOC-0092,Gang-962
406,1,0,SocialHandle,False,0,@Shadow_Anand599,SOC-0093,Gang-963
407,1,0,SocialHandle,False,0,@Only_Senthil151,SOC-0094,Gang-964
408,1,0,SocialHandle,False,0,@Dark_Kishore901,SOC-0095,Gang-965
409,1,0,SocialHandle,False,0,@User_Sanjay986,SOC-0096,Gang-966
410,1,0,SocialHandle,False,0,@The_Arun460,SOC-0097,Gang-967
411,1,0,SocialHandle,False,0,@User_Sanjay387,SOC-0098,Gang-968
412,1,0,SocialHandle,False,0,@Anon_Ezhilan940,SOC-0099,Gang-969
413,1,0,SocialHandle,False,0,@Real_Vignesh399,SOC-0100,Gang-970
388,1,0,SocialHandle,False,0,@Dark_Harish611,SOC-0075,Gang-971
386,1,0,SocialHandle,False,0,@The_Vasanth281,SOC-0073,Gang-972
415,1,0,SocialHandle,False,0,@Official_Lokesh268,SOC-0102,Gang-973
385,1,0,SocialHandle,False,0,@User_Abirami280,SOC-0072,Gang-974
360,1,0,SocialHandle,False,0,@Only_Mohan650,SOC-0047,Gang-975
361,1,0,SocialHandle,False,0,@Official_Gopal43,SOC-0048,Gang-976
362,1,0,SocialHandle,False,0,@Dark_Jeeva127,SOC-0049,Gang-977
363,1,0,SocialHandle,False,0,@Anon_Prakash137,SOC-0050,Gang-978
364,1,0,SocialHandle,False,0,@Shadow_Vignesh628,SOC-0051,Gang-979
365,1,0,SocialHandle,False,0,@Official_Nithin195,SOC-0052,Gang-980
366,1,0,SocialHandle,False,0,@The_Senthil347,SOC-0053,Gang-981
367,1,0,SocialHandle,False,0,@Xyz_Jeeva439,SOC-0054,Gang-982
368,1,0,SocialHandle,False,0,@Anon_Anand788,SOC-0055,Gang-983
369,1,0,SocialHandle,False,0,@Official_Sanjay574,SOC-0056,Gang-984
370,1,0,SocialHandle,False,0,@Dark_Hariharan864,SOC-0057,Gang-985
371,1,0,SocialHandle,False,0,@Real_Udhay292,SOC-0058,Gang-986
372,1,0,SocialHandle,False,0,@The_Udhay467,SOC-0059,Gang-987
373,1,0,SocialHandle,False,0,@Dark_Vignesh54,SOC-0060,Gang-988
374,1,0,SocialHandle,False,0,@Real_Mohan905,SOC-0061,Gang-989
375,1,0,SocialHandle,False,0,@Shadow_Karthik648,SOC-0062,Gang-990
376,1,0,SocialHandle,False,0,@Temp_Sanjay80,SOC-0063,Gang-991
377,1,0,SocialHandle,False,0,@User_Yuvaraj57,SOC-0064,Gang-992
378,1,0,SocialHandle,False,0,@The_Abirami189,SOC-0065,Gang-993
379,1,0,SocialHandle,False,0,@Anon_Gopal932,SOC-0066,Gang-994
380,1,0,SocialHandle,False,0,@Dark_Jeeva883,SOC-0067,Gang-995
381,1,0,SocialHandle,False,0,@Dark_Mathan400,SOC-0068,Gang-996
382,1,0,SocialHandle,False,0,@The_Revathi653,SOC-0069,Gang-997
383,1,0,SocialHandle,False,0,@Temp_Senthil206,SOC-0070,Gang-998
384,1,0,SocialHandle,False,0,@Anon_Bharath835,SOC-0071,Gang-999
414,1,0,SocialHandle,False,0,@Shadow_Sanjay391,SOC-0101,Gang-1000
416,1,0,SocialHandle,False,0,@Dark_Mathan142,SOC-0103,Gang-1001
472,1,0,SocialHandle,False,0,@Anon_Thirumal946,SOC-0159,Gang-1002
445,1,0,SocialHandle,False,0,@Official_Gopal559,SOC-0132,Gang-1003
447,1,0,SocialHandle,False,0,@User_Ezhilan49,SOC-0134,Gang-1004
448,1,0,SocialHandle,False,0,@The_Elango412,SOC-0135,Gang-1005
449,1,0,SocialHandle,False,0,@Anon_Yuvaraj845,SOC-0136,Gang-1006
450,1,0,SocialHandle,False,0,@User_Eswari607,SOC-0137,Gang-1007
451,1,0,SocialHandle,False,0,@Only_Madhan29,SOC-0138,Gang-1008
452,1,0,SocialHandle,False,0,@Only_Janani584,SOC-0139,Gang-1009
453,1,0,SocialHandle,False,0,@Temp_Karthik505,SOC-0140,Gang-1010
454,1,0,SocialHandle,False,0,@Xyz_Kavitha966,SOC-0141,Gang-1011
455,1,0,SocialHandle,False,0,@Real_Nithin433,SOC-0142,Gang-1012
456,1,0,SocialHandle,False,0,@Official_Babu338,SOC-0143,Gang-1013
457,1,0,SocialHandle,False,0,@User_Vignesh866,SOC-0144,Gang-1014
458,1,0,SocialHandle,False,0,@The_Mohan758,SOC-0145,Gang-1015
459,1,0,SocialHandle,False,0,@Dark_Chithra537,SOC-0146,Gang-1016
460,1,0,SocialHandle,False,0,@Official_Murugan173,SOC-0147,Gang-1017
461,1,0,SocialHandle,False,0,@Only_Murugan706,SOC-0148,Gang-1018
462,1,0,SocialHandle,False,0,@Real_Udhay930,SOC-0149,Gang-1019
463,1,0,SocialHandle,False,0,@User_Logesh415,SOC-0150,Gang-1020
464,1,0,SocialHandle,False,0,@Real_Yogesh966,SOC-0151,Gang-1021
465,1,0,SocialHandle,False,0,@The_Harish679,SOC-0152,Gang-1022
466,1,0,SocialHandle,False,0,@Anon_Yuvaraj699,SOC-0153,Gang-1023
467,1,0,SocialHandle,False,0,@Xyz_Kishore778,SOC-0154,Gang-1024
468,1,0,SocialHandle,False,0,@Temp_Mathan698,SOC-0155,Gang-1025
469,1,0,SocialHandle,False,0,@The_Arun525,SOC-0156,Gang-1026
470,1,0,SocialHandle,False,0,@Only_Karthik433,SOC-0157,Gang-1027
471,1,0,SocialHandle,False,0,@Xyz_Rajesh336,SOC-0158,Gang-1028
446,1,0,SocialHandle,False,0,@The_Jeeva109,SOC-0133,Gang-1029
444,1,0,SocialHandle,False,0,@User_Anand102,SOC-0131,Gang-1030
417,1,0,SocialHandle,False,0,@Shadow_Karthik326,SOC-0104,Gang-1031
443,1,0,SocialHandle,False,0,@Only_Elango487,SOC-0130,Gang-1032
418,1,0,SocialHandle,False,0,@Temp_Vignesh37,SOC-0105,Gang-1033
419,1,0,SocialHandle,False,0,@The_Arun861,SOC-0106,Gang-1034
420,1,0,SocialHandle,False,0,@Anon_Nandha249,SOC-0107,Gang-1035
421,1,0,SocialHandle,False,0,@Xyz_Rajesh550,SOC-0108,Gang-1036
422,1,0,SocialHandle,False,0,@Real_Mohan738,SOC-0109,Gang-1037
423,1,0,SocialHandle,False,0,@Temp_Sathish280,SOC-0110,Gang-1038
424,1,0,SocialHandle,False,0,@Shadow_Kishore239,SOC-0111,Gang-1039
425,1,0,SocialHandle,False,0,@Anon_Uma469,SOC-0112,Gang-1040
426,1,0,SocialHandle,False,0,@Temp_Bharathi257,SOC-0113,Gang-1041
427,1,0,SocialHandle,False,0,@Xyz_Dinesh379,SOC-0114,Gang-1042
428,1,0,SocialHandle,False,0,@Official_Vasanthi775,SOC-0115,Gang-1043
429,1,0,SocialHandle,False,0,@Anon_Revathi722,SOC-0116,Gang-1044
430,1,0,SocialHandle,False,0,@Shadow_Ezhilan965,SOC-0117,Gang-1045
431,1,0,SocialHandle,False,0,@Anon_Divya718,SOC-0118,Gang-1046
432,1,0,SocialHandle,False,0,@Real_Rakesh91,SOC-0119,Gang-1047
433,1,0,SocialHandle,False,0,@Temp_Thirumal704,SOC-0120,Gang-1048
434,1,0,SocialHandle,False,0,@Shadow_Venkat390,SOC-0121,Gang-1049
435,1,0,SocialHandle,False,0,@The_Babu521,SOC-0122,Gang-1050
436,1,0,SocialHandle,False,0,@The_Yuvaraj738,SOC-0123,Gang-1051
437,1,0,SocialHandle,False,0,@Shadow_Madhan420,SOC-0124,Gang-1052
438,1,0,SocialHandle,False,0,@Xyz_Balaji430,SOC-0125,Gang-1053
439,1,0,SocialHandle,False,0,@Dark_Sanjay358,SOC-0126,Gang-1054
440,1,0,SocialHandle,False,0,@User_Ezhilan93,SOC-0127,Gang-1055
441,1,0,SocialHandle,False,0,@Official_Sanjay667,SOC-0128,Gang-1056
442,1,0,SocialHandle,False,0,@Anon_Suresh218,SOC-0129,Gang-1057
1057,1,0,Vehicle,False,1,Tn-39-Yy-1049,VEH-0068,Gang-1058
