node_a,node_b,label_a,label_b,entity_type_a,entity_type_b,jaccard,adamic_adar,common_neighbors,combined_score
VEH-0072,VEH-0073,Tn-01-Xx-1033,Tn-47-Yy-1034,Vehicle,Vehicle,1.0,0.5913,2,0.623
VEH-0063,VEH-0073,Tn-72-Yy-1031,Tn-47-Yy-1034,Vehicle,Vehicle,1.0,0.5913,2,0.623
VEH-0063,VEH-0072,Tn-72-Yy-1031,Tn-01-Xx-1033,Vehicle,Vehicle,1.0,0.5913,2,0.623
VEH-0061,VEH-0067,Tn-01-Yy-1046,Tn-39-Xx-1048,Vehicle,Vehicle,1.0,0.5882,2,0.6222
ACC-0379,ACC-1353,Ext-Acc-280781,Ext-Acc-228576,Account,Account,1.0,0.543,2,0.6111
ACC-0314,ACC-0401,Ext-Acc-253429,Ext-Acc-263766,Account,Account,1.0,0.5052,2,0.6014
ACC-0016,ACC-0021,Syn-Acc-100026,Syn-Acc-100027,Account,Account,0.1733,6.6616,26,0.591
ACC-0035,ACC-0051,Syn-Acc-100033,Syn-Acc-100059,Account,Account,0.1791,6.0147,24,0.5861
ACC-0012,ACC-0015,Syn-Acc-100053,Syn-Acc-100076,Account,Account,0.1702,6.1166,24,0.5838
ACC-0038,ACC-0072,Syn-Acc-100002,Syn-Acc-100089,Account,Account,0.1944,5.1869,21,0.5808
ACC-0049,ACC-0051,Syn-Acc-100065,Syn-Acc-100059,Account,Account,0.176,5.4516,22,0.5774
ACC-0049,ACC-0064,Syn-Acc-100065,Syn-Acc-100068,Account,Account,0.1721,5.2768,21,0.5733
ACC-0020,ACC-0022,Syn-Acc-100077,Syn-Acc-100054,Account,Account,0.1517,5.7924,22,0.5724
ACC-0781,ACC-1338,Ext-Acc-350004,Ext-Acc-372776,Account,Account,1.0,0.4024,1,0.5722
ACC-1157,ACC-1320,Ext-Acc-376284,Ext-Acc-394988,Account,Account,1.0,0.4024,1,0.5722
ACC-0027,ACC-0053,Syn-Acc-100047,Syn-Acc-100020,Account,Account,0.1628,5.3512,21,0.5706
ACC-0005,ACC-0072,Syn-Acc-100071,Syn-Acc-100089,Account,Account,0.1654,5.2199,21,0.5697
ACC-0027,ACC-0045,Syn-Acc-100047,Syn-Acc-100016,Account,Account,0.1694,5.1145,21,0.5696
ACC-0264,ACC-1015,Ext-Acc-323507,Ext-Acc-335443,Account,Account,1.0,0.3899,1,0.5683
ACC-0250,ACC-0870,Ext-Acc-206021,Ext-Acc-390010,Account,Account,1.0,0.3789,1,0.5649
ACC-0250,ACC-1029,Ext-Acc-206021,Ext-Acc-246971,Account,Account,1.0,0.3789,1,0.5649
ACC-0289,ACC-0870,Ext-Acc-388063,Ext-Acc-390010,Account,Account,1.0,0.3789,1,0.5649
ACC-0289,ACC-1029,Ext-Acc-388063,Ext-Acc-246971,Account,Account,1.0,0.3789,1,0.5649
ACC-0503,ACC-1063,Ext-Acc-307134,Ext-Acc-370571,Account,Account,1.0,0.3789,1,0.5649
ACC-0870,ACC-1029,Ext-Acc-390010,Ext-Acc-246971,Account,Account,1.0,0.3789,1,0.5649
ACC-0511,ACC-0659,Ext-Acc-349055,Ext-Acc-350342,Account,Account,1.0,0.3789,1,0.5649
ACC-0586,ACC-0989,Ext-Acc-370070,Ext-Acc-361408,Account,Account,1.0,0.3789,1,0.5649
ACC-0250,ACC-0289,Ext-Acc-206021,Ext-Acc-388063,Account,Account,1.0,0.3789,1,0.5649
ACC-0003,ACC-0021,Syn-Acc-100069,Syn-Acc-100027,Account,Account,0.1448,5.3572,21,0.5636
ACC-0001,ACC-0022,Syn-Acc-100055,Syn-Acc-100054,Account,Account,0.1358,5.5912,22,0.5633
ACC-0007,ACC-0035,Syn-Acc-100051,Syn-Acc-100033,Account,Account,0.1556,5.0129,21,0.5624
ACC-0027,ACC-0080,Syn-Acc-100047,Syn-Acc-100008,Account,Account,0.1653,4.7734,20,0.5622
ACC-0015,ACC-0022,Syn-Acc-100076,Syn-Acc-100054,Account,Account,0.1358,5.4904,22,0.5619
ACC-0734,ACC-1393,Ext-Acc-399844,Ext-Acc-327463,Account,Account,1.0,0.3693,1,0.5618
ACC-0734,ACC-0821,Ext-Acc-399844,Ext-Acc-348492,Account,Account,1.0,0.3693,1,0.5618
ACC-0734,ACC-1240,Ext-Acc-399844,Ext-Acc-259058,Account,Account,1.0,0.3693,1,0.5618
ACC-0519,ACC-0646,Ext-Acc-352870,Ext-Acc-340543,Account,Account,1.0,0.3693,1,0.5618
ACC-0414,ACC-0786,Ext-Acc-308601,Ext-Acc-355290,Account,Account,1.0,0.3693,1,0.5618
ACC-0386,ACC-0821,Ext-Acc-317796,Ext-Acc-348492,Account,Account,1.0,0.3693,1,0.5618
ACC-1240,ACC-1393,Ext-Acc-259058,Ext-Acc-327463,Account,Account,1.0,0.3693,1,0.5618
ACC-0414,ACC-1054,Ext-Acc-308601,Ext-Acc-372276,Account,Account,1.0,0.3693,1,0.5618
ACC-0821,ACC-1240,Ext-Acc-348492,Ext-Acc-259058,Account,Account,1.0,0.3693,1,0.5618
ACC-0821,ACC-1393,Ext-Acc-348492,Ext-Acc-327463,Account,Account,1.0,0.3693,1,0.5618
ACC-0386,ACC-1393,Ext-Acc-317796,Ext-Acc-327463,Account,Account,1.0,0.3693,1,0.5618
ACC-0386,ACC-1240,Ext-Acc-317796,Ext-Acc-259058,Account,Account,1.0,0.3693,1,0.5618
ACC-0386,ACC-0734,Ext-Acc-317796,Ext-Acc-399844,Account,Account,1.0,0.3693,1,0.5618
ACC-0646,ACC-1224,Ext-Acc-340543,Ext-Acc-261334,Account,Account,1.0,0.3693,1,0.5618
ACC-0786,ACC-1054,Ext-Acc-355290,Ext-Acc-372276,Account,Account,1.0,0.3693,1,0.5618
ACC-0480,ACC-0519,Ext-Acc-332154,Ext-Acc-352870,Account,Account,1.0,0.3693,1,0.5618
ACC-0519,ACC-1224,Ext-Acc-352870,Ext-Acc-261334,Account,Account,1.0,0.3693,1,0.5618
ACC-0480,ACC-1224,Ext-Acc-332154,Ext-Acc-261334,Account,Account,1.0,0.3693,1,0.5618
ACC-0480,ACC-0646,Ext-Acc-332154,Ext-Acc-340543,Account,Account,1.0,0.3693,1,0.5618
ACC-0007,ACC-0049,Syn-Acc-100051,Syn-Acc-100065,Account,Account,0.16,4.847,20,0.5614
ACC-0014,ACC-0015,Syn-Acc-100003,Syn-Acc-100076,Account,Account,0.146,5.1773,20,0.5613
ACC-0007,ACC-0072,Syn-Acc-100051,Syn-Acc-100089,Account,Account,0.161,4.7526,19,0.5601
ACC-0007,ACC-0038,Syn-Acc-100051,Syn-Acc-100002,Account,Account,0.1624,4.7161,19,0.56
ACC-0015,ACC-0051,Syn-Acc-100076,Syn-Acc-100059,Account,Account,0.137,5.2674,20,0.5591
ACC-0600,ACC-1041,Ext-Acc-321603,Ext-Acc-395161,Account,Account,1.0,0.3607,1,0.559
ACC-0555,ACC-1308,Ext-Acc-227494,Ext-Acc-375011,Account,Account,1.0,0.3607,1,0.559
ACC-0798,ACC-0817,Ext-Acc-375235,Ext-Acc-346752,Account,Account,1.0,0.3607,1,0.559
ACC-0600,ACC-1385,Ext-Acc-321603,Ext-Acc-350235,Account,Account,1.0,0.3607,1,0.559
ACC-0910,ACC-0940,Ext-Acc-313614,Ext-Acc-395784,Account,Account,1.0,0.3607,1,0.559
ACC-1041,ACC-1385,Ext-Acc-395161,Ext-Acc-350235,Account,Account,1.0,0.3607,1,0.559
ACC-0630,ACC-0817,Ext-Acc-348349,Ext-Acc-346752,Account,Account,1.0,0.3607,1,0.559
ACC-0380,ACC-0967,Ext-Acc-361000,Ext-Acc-324458,Account,Account,1.0,0.3607,1,0.559
ACC-0380,ACC-0390,Ext-Acc-361000,Ext-Acc-269798,Account,Account,1.0,0.3607,1,0.559
ACC-0561,ACC-1041,Ext-Acc-329482,Ext-Acc-395161,Account,Account,1.0,0.3607,1,0.559
ACC-0630,ACC-0798,Ext-Acc-348349,Ext-Acc-375235,Account,Account,1.0,0.3607,1,0.559
ACC-0631,ACC-1426,Ext-Acc-254171,Ext-Acc-368186,Account,Account,1.0,0.3607,1,0.559
ACC-0561,ACC-0600,Ext-Acc-329482,Ext-Acc-321603,Account,Account,1.0,0.3607,1,0.559
ACC-0561,ACC-1385,Ext-Acc-329482,Ext-Acc-350235,Account,Account,1.0,0.3607,1,0.559
ACC-0390,ACC-0967,Ext-Acc-269798,Ext-Acc-324458,Account,Account,1.0,0.3607,1,0.559
ACC-0005,ACC-0016,Syn-Acc-100071,Syn-Acc-100026,Account,Account,0.1321,5.3269,21,0.558
PER-0074,PER-0245,Padmini Raj,Senthil Prakash,Person,Person,0.2,3.8782,13,0.557
ACC-0340,ACC-0913,Ext-Acc-373922,Ext-Acc-269414,Account,Account,1.0,0.353,1,0.5565
ACC-0902,ACC-0939,Ext-Acc-346299,Ext-Acc-295583,Account,Account,1.0,0.353,1,0.5565
ACC-0051,ACC-0080,Syn-Acc-100059,Syn-Acc-100008,Account,Account,0.1557,4.6571,19,0.5562
ACC-0045,ACC-0086,Syn-Acc-100016,Syn-Acc-100098,Account,Account,0.1583,4.5958,19,0.5561
ACC-0003,ACC-0016,Syn-Acc-100069,Syn-Acc-100026,Account,Account,0.1288,5.2767,21,0.5559
ACC-0024,ACC-0049,Syn-Acc-100078,Syn-Acc-100065,Account,Account,0.1545,4.6154,19,0.5549
ACC-0432,ACC-1099,Ext-Acc-267302,Ext-Acc-351514,Account,Account,1.0,0.346,1,0.5542
ACC-0432,ACC-1272,Ext-Acc-267302,Ext-Acc-368597,Account,Account,1.0,0.346,1,0.5542
ACC-0432,ACC-0819,Ext-Acc-267302,Ext-Acc-390434,Account,Account,1.0,0.346,1,0.5542
ACC-1099,ACC-1272,Ext-Acc-351514,Ext-Acc-368597,Account,Account,1.0,0.346,1,0.5542
ACC-0439,ACC-0819,Ext-Acc-289833,Ext-Acc-390434,Account,Account,1.0,0.346,1,0.5542
ACC-0156,ACC-0364,Ext-Acc-314201,Ext-Acc-351662,Account,Account,1.0,0.346,1,0.5542
ACC-0819,ACC-1272,Ext-Acc-390434,Ext-Acc-368597,Account,Account,1.0,0.346,1,0.5542
ACC-0819,ACC-1099,Ext-Acc-390434,Ext-Acc-351514,Account,Account,1.0,0.346,1,0.5542
ACC-0439,ACC-1099,Ext-Acc-289833,Ext-Acc-351514,Account,Account,1.0,0.346,1,0.5542
ACC-0432,ACC-0439,Ext-Acc-267302,Ext-Acc-289833,Account,Account,1.0,0.346,1,0.5542
ACC-0439,ACC-1272,Ext-Acc-289833,Ext-Acc-368597,Account,Account,1.0,0.346,1,0.5542
ACC-0590,ACC-0685,Ext-Acc-384877,Ext-Acc-348436,Account,Account,1.0,0.346,1,0.5542
ACC-0685,ACC-1402,Ext-Acc-348436,Ext-Acc-378485,Account,Account,1.0,0.346,1,0.5542
ACC-0590,ACC-1402,Ext-Acc-384877,Ext-Acc-378485,Account,Account,1.0,0.346,1,0.5542
ACC-0388,ACC-1401,Ext-Acc-375230,Ext-Acc-329907,Account,Account,1.0,0.346,1,0.5542
ACC-0937,ACC-1225,Ext-Acc-269248,Ext-Acc-323863,Account,Account,1.0,0.346,1,0.5542
ACC-1332,ACC-1357,Ext-Acc-351303,Ext-Acc-382255,Account,Account,1.0,0.346,1,0.5542
ACC-1249,ACC-1357,Ext-Acc-243435,Ext-Acc-382255,Account,Account,1.0,0.346,1,0.5542
ACC-1249,ACC-1332,Ext-Acc-243435,Ext-Acc-351303,Account,Account,1.0,0.346,1,0.5542
ACC-0127,ACC-0364,Ext-Acc-263372,Ext-Acc-351662,Account,Account,1.0,0.346,1,0.5542
