Node_A,Node_B,Label_A,Label_B,Type_A,Type_B,Jaccard,Adamic_Adar,Combined_Score,Shared_Neighbor_Count,Shared_Neighbors,Note
VEH-0063,VEH-0073,Tn-72-Yy-1031,Tn-47-Yy-1034,Vehicle,Vehicle,1.0,0.5913,0.6858,2,Nithin Velan|Vijay Raman,AI-suggested — not a confirmed link
VEH-0072,VEH-0073,Tn-01-Xx-1033,Tn-47-Yy-1034,Vehicle,Vehicle,1.0,0.5913,0.6858,2,Nithin Velan|Vijay Raman,AI-suggested — not a confirmed link
VEH-0063,VEH-0072,Tn-72-Yy-1031,Tn-01-Xx-1033,Vehicle,Vehicle,1.0,0.5913,0.6858,2,Nithin Velan|Vijay Raman,AI-suggested — not a confirmed link
VEH-0061,VEH-0067,Tn-01-Yy-1046,Tn-39-Xx-1048,Vehicle,Vehicle,1.0,0.5882,0.6852,2,Siva Muthu|Yuvaraj Natarajan,AI-suggested — not a confirmed link
ACC-0379,ACC-1353,Ext-Acc-280781,Ext-Acc-228576,Account,Account,1.0,0.543,0.676,2,Syn-Acc-100059|Yogesh Gopal,AI-suggested — not a confirmed link
ACC-0314,ACC-0401,Ext-Acc-253429,Ext-Acc-263766,Account,Account,1.0,0.5052,0.6678,2,Syn-Acc-100069|Jagan Gopal,AI-suggested — not a confirmed link
ACC-1157,ACC-1320,Ext-Acc-376284,Ext-Acc-394988,Account,Account,1.0,0.4024,0.6435,1,Syn-Acc-100097,AI-suggested — not a confirmed link
ACC-0781,ACC-1338,Ext-Acc-350004,Ext-Acc-372776,Account,Account,1.0,0.4024,0.6435,1,Syn-Acc-100045,AI-suggested — not a confirmed link
ACC-0264,ACC-1015,Ext-Acc-323507,Ext-Acc-335443,Account,Account,1.0,0.3899,0.6403,1,Syn-Acc-100038,AI-suggested — not a confirmed link
ACC-0250,ACC-1029,Ext-Acc-206021,Ext-Acc-246971,Account,Account,1.0,0.3789,0.6374,1,Syn-Acc-100090,AI-suggested — not a confirmed link
ACC-0289,ACC-0870,Ext-Acc-388063,Ext-Acc-390010,Account,Account,1.0,0.3789,0.6374,1,Syn-Acc-100090,AI-suggested — not a confirmed link
ACC-0289,ACC-1029,Ext-Acc-388063,Ext-Acc-246971,Account,Account,1.0,0.3789,0.6374,1,Syn-Acc-100090,AI-suggested — not a confirmed link
ACC-0503,ACC-1063,Ext-Acc-307134,Ext-Acc-370571,Account,Account,1.0,0.3789,0.6374,1,Syn-Acc-100018,AI-suggested — not a confirmed link
ACC-0586,ACC-0989,Ext-Acc-370070,Ext-Acc-361408,Account,Account,1.0,0.3789,0.6374,1,Syn-Acc-100017,AI-suggested — not a confirmed link
ACC-0870,ACC-1029,Ext-Acc-390010,Ext-Acc-246971,Account,Account,1.0,0.3789,0.6374,1,Syn-Acc-100090,AI-suggested — not a confirmed link
ACC-0250,ACC-0289,Ext-Acc-206021,Ext-Acc-388063,Account,Account,1.0,0.3789,0.6374,1,Syn-Acc-100090,AI-suggested — not a confirmed link
ACC-0511,ACC-0659,Ext-Acc-349055,Ext-Acc-350342,Account,Account,1.0,0.3789,0.6374,1,Syn-Acc-100011,AI-suggested — not a confirmed link
ACC-0250,ACC-0870,Ext-Acc-206021,Ext-Acc-390010,Account,Account,1.0,0.3789,0.6374,1,Syn-Acc-100090,AI-suggested — not a confirmed link
ACC-0821,ACC-1393,Ext-Acc-348492,Ext-Acc-327463,Account,Account,1.0,0.3693,0.6348,1,Syn-Acc-100086,AI-suggested — not a confirmed link
ACC-0414,ACC-0786,Ext-Acc-308601,Ext-Acc-355290,Account,Account,1.0,0.3693,0.6348,1,Syn-Acc-100029,AI-suggested — not a confirmed link
ACC-0646,ACC-1224,Ext-Acc-340543,Ext-Acc-261334,Account,Account,1.0,0.3693,0.6348,1,Syn-Acc-100058,AI-suggested — not a confirmed link
ACC-0786,ACC-1054,Ext-Acc-355290,Ext-Acc-372276,Account,Account,1.0,0.3693,0.6348,1,Syn-Acc-100029,AI-suggested — not a confirmed link
ACC-0480,ACC-0519,Ext-Acc-332154,Ext-Acc-352870,Account,Account,1.0,0.3693,0.6348,1,Syn-Acc-100058,AI-suggested — not a confirmed link
ACC-0480,ACC-0646,Ext-Acc-332154,Ext-Acc-340543,Account,Account,1.0,0.3693,0.6348,1,Syn-Acc-100058,AI-suggested — not a confirmed link
ACC-0386,ACC-0821,Ext-Acc-317796,Ext-Acc-348492,Account,Account,1.0,0.3693,0.6348,1,Syn-Acc-100086,AI-suggested — not a confirmed link
ACC-0386,ACC-1240,Ext-Acc-317796,Ext-Acc-259058,Account,Account,1.0,0.3693,0.6348,1,Syn-Acc-100086,AI-suggested — not a confirmed link
ACC-0414,ACC-1054,Ext-Acc-308601,Ext-Acc-372276,Account,Account,1.0,0.3693,0.6348,1,Syn-Acc-100029,AI-suggested — not a confirmed link
ACC-0386,ACC-0734,Ext-Acc-317796,Ext-Acc-399844,Account,Account,1.0,0.3693,0.6348,1,Syn-Acc-100086,AI-suggested — not a confirmed link
ACC-0519,ACC-1224,Ext-Acc-352870,Ext-Acc-261334,Account,Account,1.0,0.3693,0.6348,1,Syn-Acc-100058,AI-suggested — not a confirmed link
ACC-0519,ACC-0646,Ext-Acc-352870,Ext-Acc-340543,Account,Account,1.0,0.3693,0.6348,1,Syn-Acc-100058,AI-suggested — not a confirmed link
ACC-0734,ACC-1393,Ext-Acc-399844,Ext-Acc-327463,Account,Account,1.0,0.3693,0.6348,1,Syn-Acc-100086,AI-suggested — not a confirmed link
ACC-0734,ACC-1240,Ext-Acc-399844,Ext-Acc-259058,Account,Account,1.0,0.3693,0.6348,1,Syn-Acc-100086,AI-suggested — not a confirmed link
ACC-0480,ACC-1224,Ext-Acc-332154,Ext-Acc-261334,Account,Account,1.0,0.3693,0.6348,1,Syn-Acc-100058,AI-suggested — not a confirmed link
ACC-0821,ACC-1240,Ext-Acc-348492,Ext-Acc-259058,Account,Account,1.0,0.3693,0.6348,1,Syn-Acc-100086,AI-suggested — not a confirmed link
ACC-0734,ACC-0821,Ext-Acc-399844,Ext-Acc-348492,Account,Account,1.0,0.3693,0.6348,1,Syn-Acc-100086,AI-suggested — not a confirmed link
ACC-0386,ACC-1393,Ext-Acc-317796,Ext-Acc-327463,Account,Account,1.0,0.3693,0.6348,1,Syn-Acc-100086,AI-suggested — not a confirmed link
ACC-1240,ACC-1393,Ext-Acc-259058,Ext-Acc-327463,Account,Account,1.0,0.3693,0.6348,1,Syn-Acc-100086,AI-suggested — not a confirmed link
ACC-1041,ACC-1385,Ext-Acc-395161,Ext-Acc-350235,Account,Account,1.0,0.3607,0.6325,1,Syn-Acc-100061,AI-suggested — not a confirmed link
ACC-0600,ACC-1385,Ext-Acc-321603,Ext-Acc-350235,Account,Account,1.0,0.3607,0.6325,1,Syn-Acc-100061,AI-suggested — not a confirmed link
ACC-0631,ACC-1426,Ext-Acc-254171,Ext-Acc-368186,Account,Account,1.0,0.3607,0.6325,1,Syn-Acc-100073,AI-suggested — not a confirmed link
ACC-0630,ACC-0817,Ext-Acc-348349,Ext-Acc-346752,Account,Account,1.0,0.3607,0.6325,1,Syn-Acc-100035,AI-suggested — not a confirmed link
ACC-0390,ACC-0967,Ext-Acc-269798,Ext-Acc-324458,Account,Account,1.0,0.3607,0.6325,1,Syn-Acc-100085,AI-suggested — not a confirmed link
ACC-0561,ACC-0600,Ext-Acc-329482,Ext-Acc-321603,Account,Account,1.0,0.3607,0.6325,1,Syn-Acc-100061,AI-suggested — not a confirmed link
ACC-0600,ACC-1041,Ext-Acc-321603,Ext-Acc-395161,Account,Account,1.0,0.3607,0.6325,1,Syn-Acc-100061,AI-suggested — not a confirmed link
ACC-0380,ACC-0390,Ext-Acc-361000,Ext-Acc-269798,Account,Account,1.0,0.3607,0.6325,1,Syn-Acc-100085,AI-suggested — not a confirmed link
ACC-0561,ACC-1385,Ext-Acc-329482,Ext-Acc-350235,Account,Account,1.0,0.3607,0.6325,1,Syn-Acc-100061,AI-suggested — not a confirmed link
ACC-0561,ACC-1041,Ext-Acc-329482,Ext-Acc-395161,Account,Account,1.0,0.3607,0.6325,1,Syn-Acc-100061,AI-suggested — not a confirmed link
ACC-0380,ACC-0967,Ext-Acc-361000,Ext-Acc-324458,Account,Account,1.0,0.3607,0.6325,1,Syn-Acc-100085,AI-suggested — not a confirmed link
ACC-0555,ACC-1308,Ext-Acc-227494,Ext-Acc-375011,Account,Account,1.0,0.3607,0.6325,1,Syn-Acc-100040,AI-suggested — not a confirmed link
ACC-0910,ACC-0940,Ext-Acc-313614,Ext-Acc-395784,Account,Account,1.0,0.3607,0.6325,1,Syn-Acc-100064,AI-suggested — not a confirmed link
ACC-0630,ACC-0798,Ext-Acc-348349,Ext-Acc-375235,Account,Account,1.0,0.3607,0.6325,1,Syn-Acc-100035,AI-suggested — not a confirmed link
ACC-0798,ACC-0817,Ext-Acc-375235,Ext-Acc-346752,Account,Account,1.0,0.3607,0.6325,1,Syn-Acc-100035,AI-suggested — not a confirmed link
ACC-0340,ACC-0913,Ext-Acc-373922,Ext-Acc-269414,Account,Account,1.0,0.353,0.6304,1,Syn-Acc-100012,AI-suggested — not a confirmed link
ACC-0902,ACC-0939,Ext-Acc-346299,Ext-Acc-295583,Account,Account,1.0,0.353,0.6304,1,Syn-Acc-100039,AI-suggested — not a confirmed link
ACC-0590,ACC-1402,Ext-Acc-384877,Ext-Acc-378485,Account,Account,1.0,0.346,0.6285,1,Syn-Acc-100049,AI-suggested — not a confirmed link
ACC-0127,ACC-0364,Ext-Acc-263372,Ext-Acc-351662,Account,Account,1.0,0.346,0.6285,1,Syn-Acc-100093,AI-suggested — not a confirmed link
ACC-0937,ACC-1225,Ext-Acc-269248,Ext-Acc-323863,Account,Account,1.0,0.346,0.6285,1,Syn-Acc-100046,AI-suggested — not a confirmed link
ACC-0590,ACC-0685,Ext-Acc-384877,Ext-Acc-348436,Account,Account,1.0,0.346,0.6285,1,Syn-Acc-100049,AI-suggested — not a confirmed link
ACC-0439,ACC-1099,Ext-Acc-289833,Ext-Acc-351514,Account,Account,1.0,0.346,0.6285,1,Syn-Acc-100056,AI-suggested — not a confirmed link
ACC-1099,ACC-1272,Ext-Acc-351514,Ext-Acc-368597,Account,Account,1.0,0.346,0.6285,1,Syn-Acc-100056,AI-suggested — not a confirmed link
ACC-1249,ACC-1357,Ext-Acc-243435,Ext-Acc-382255,Account,Account,1.0,0.346,0.6285,1,Syn-Acc-100092,AI-suggested — not a confirmed link
ACC-0819,ACC-1272,Ext-Acc-390434,Ext-Acc-368597,Account,Account,1.0,0.346,0.6285,1,Syn-Acc-100056,AI-suggested — not a confirmed link
ACC-0439,ACC-0819,Ext-Acc-289833,Ext-Acc-390434,Account,Account,1.0,0.346,0.6285,1,Syn-Acc-100056,AI-suggested — not a confirmed link
ACC-1332,ACC-1357,Ext-Acc-351303,Ext-Acc-382255,Account,Account,1.0,0.346,0.6285,1,Syn-Acc-100092,AI-suggested — not a confirmed link
ACC-0432,ACC-1099,Ext-Acc-267302,Ext-Acc-351514,Account,Account,1.0,0.346,0.6285,1,Syn-Acc-100056,AI-suggested — not a confirmed link
ACC-0156,ACC-0364,Ext-Acc-314201,Ext-Acc-351662,Account,Account,1.0,0.346,0.6285,1,Syn-Acc-100093,AI-suggested — not a confirmed link
ACC-1249,ACC-1332,Ext-Acc-243435,Ext-Acc-351303,Account,Account,1.0,0.346,0.6285,1,Syn-Acc-100092,AI-suggested — not a confirmed link
ACC-0351,ACC-1401,Ext-Acc-366316,Ext-Acc-329907,Account,Account,1.0,0.346,0.6285,1,Syn-Acc-100001,AI-suggested — not a confirmed link
ACC-0432,ACC-0439,Ext-Acc-267302,Ext-Acc-289833,Account,Account,1.0,0.346,0.6285,1,Syn-Acc-100056,AI-suggested — not a confirmed link
ACC-0685,ACC-1402,Ext-Acc-348436,Ext-Acc-378485,Account,Account,1.0,0.346,0.6285,1,Syn-Acc-100049,AI-suggested — not a confirmed link
ACC-0432,ACC-0819,Ext-Acc-267302,Ext-Acc-390434,Account,Account,1.0,0.346,0.6285,1,Syn-Acc-100056,AI-suggested — not a confirmed link
ACC-0351,ACC-0388,Ext-Acc-366316,Ext-Acc-375230,Account,Account,1.0,0.346,0.6285,1,Syn-Acc-100001,AI-suggested — not a confirmed link
ACC-0439,ACC-1272,Ext-Acc-289833,Ext-Acc-368597,Account,Account,1.0,0.346,0.6285,1,Syn-Acc-100056,AI-suggested — not a confirmed link
ACC-0127,ACC-0156,Ext-Acc-263372,Ext-Acc-314201,Account,Account,1.0,0.346,0.6285,1,Syn-Acc-100093,AI-suggested — not a confirmed link
ACC-0432,ACC-1272,Ext-Acc-267302,Ext-Acc-368597,Account,Account,1.0,0.346,0.6285,1,Syn-Acc-100056,AI-suggested — not a confirmed link
ACC-0388,ACC-1401,Ext-Acc-375230,Ext-Acc-329907,Account,Account,1.0,0.346,0.6285,1,Syn-Acc-100001,AI-suggested — not a confirmed link
ACC-0819,ACC-1099,Ext-Acc-390434,Ext-Acc-351514,Account,Account,1.0,0.346,0.6285,1,Syn-Acc-100056,AI-suggested — not a confirmed link
ACC-0304,ACC-0405,Ext-Acc-398097,Ext-Acc-380024,Account,Account,1.0,0.3396,0.6268,1,Syn-Acc-100094,AI-suggested — not a confirmed link
ACC-0797,ACC-0935,Ext-Acc-396017,Ext-Acc-251337,Account,Account,1.0,0.3396,0.6268,1,Syn-Acc-100024,AI-suggested — not a confirmed link
ACC-0204,ACC-0405,Ext-Acc-313178,Ext-Acc-380024,Account,Account,1.0,0.3396,0.6268,1,Syn-Acc-100094,AI-suggested — not a confirmed link
ACC-0935,ACC-1237,Ext-Acc-251337,Ext-Acc-362283,Account,Account,1.0,0.3396,0.6268,1,Syn-Acc-100024,AI-suggested — not a confirmed link
ACC-1237,ACC-1283,Ext-Acc-362283,Ext-Acc-331471,Account,Account,1.0,0.3396,0.6268,1,Syn-Acc-100024,AI-suggested — not a confirmed link
ACC-1228,ACC-1387,Ext-Acc-349421,Ext-Acc-235865,Account,Account,1.0,0.3396,0.6268,1,Syn-Acc-100087,AI-suggested — not a confirmed link
ACC-0746,ACC-1387,Ext-Acc-306695,Ext-Acc-235865,Account,Account,1.0,0.3396,0.6268,1,Syn-Acc-100087,AI-suggested — not a confirmed link
ACC-0935,ACC-1283,Ext-Acc-251337,Ext-Acc-331471,Account,Account,1.0,0.3396,0.6268,1,Syn-Acc-100024,AI-suggested — not a confirmed link
ACC-0853,ACC-1429,Ext-Acc-355301,Ext-Acc-356998,Account,Account,1.0,0.3396,0.6268,1,Syn-Acc-100013,AI-suggested — not a confirmed link
ACC-0797,ACC-1237,Ext-Acc-396017,Ext-Acc-362283,Account,Account,1.0,0.3396,0.6268,1,Syn-Acc-100024,AI-suggested — not a confirmed link
ACC-0746,ACC-1228,Ext-Acc-306695,Ext-Acc-349421,Account,Account,1.0,0.3396,0.6268,1,Syn-Acc-100087,AI-suggested — not a confirmed link
ACC-0797,ACC-1283,Ext-Acc-396017,Ext-Acc-331471,Account,Account,1.0,0.3396,0.6268,1,Syn-Acc-100024,AI-suggested — not a confirmed link
ACC-0204,ACC-0304,Ext-Acc-313178,Ext-Acc-398097,Account,Account,1.0,0.3396,0.6268,1,Syn-Acc-100094,AI-suggested — not a confirmed link
ACC-0500,ACC-1077,Ext-Acc-235956,Ext-Acc-359839,Account,Account,1.0,0.3396,0.6268,1,Syn-Acc-100091,AI-suggested — not a confirmed link
ACC-0427,ACC-1067,Ext-Acc-364625,Ext-Acc-313332,Account,Account,1.0,0.3338,0.6251,1,Syn-Acc-100082,AI-suggested — not a confirmed link
ACC-0766,ACC-0791,Ext-Acc-399914,Ext-Acc-303454,Account,Account,1.0,0.3338,0.6251,1,Syn-Acc-100075,AI-suggested — not a confirmed link
ACC-0791,ACC-0837,Ext-Acc-303454,Ext-Acc-327165,Account,Account,1.0,0.3338,0.6251,1,Syn-Acc-100075,AI-suggested — not a confirmed link
ACC-0791,ACC-1435,Ext-Acc-303454,Ext-Acc-323431,Account,Account,1.0,0.3338,0.6251,1,Syn-Acc-100075,AI-suggested — not a confirmed link
ACC-0331,ACC-0766,Ext-Acc-352354,Ext-Acc-399914,Account,Account,1.0,0.3338,0.6251,1,Syn-Acc-100075,AI-suggested — not a confirmed link
ACC-0427,ACC-0709,Ext-Acc-364625,Ext-Acc-320079,Account,Account,1.0,0.3338,0.6251,1,Syn-Acc-100082,AI-suggested — not a confirmed link
ACC-0709,ACC-1067,Ext-Acc-320079,Ext-Acc-313332,Account,Account,1.0,0.3338,0.6251,1,Syn-Acc-100082,AI-suggested — not a confirmed link
ACC-0709,ACC-0810,Ext-Acc-320079,Ext-Acc-350449,Account,Account,1.0,0.3338,0.6251,1,Syn-Acc-100082,AI-suggested — not a confirmed link
ACC-0837,ACC-1435,Ext-Acc-327165,Ext-Acc-323431,Account,Account,1.0,0.3338,0.6251,1,Syn-Acc-100075,AI-suggested — not a confirmed link
ACC-0766,ACC-1435,Ext-Acc-399914,Ext-Acc-323431,Account,Account,1.0,0.3338,0.6251,1,Syn-Acc-100075,AI-suggested — not a confirmed link
ACC-0440,ACC-1067,Ext-Acc-237281,Ext-Acc-313332,Account,Account,1.0,0.3338,0.6251,1,Syn-Acc-100082,AI-suggested — not a confirmed link
ACC-0810,ACC-1067,Ext-Acc-350449,Ext-Acc-313332,Account,Account,1.0,0.3338,0.6251,1,Syn-Acc-100082,AI-suggested — not a confirmed link
ACC-0440,ACC-0709,Ext-Acc-237281,Ext-Acc-320079,Account,Account,1.0,0.3338,0.6251,1,Syn-Acc-100082,AI-suggested — not a confirmed link
ACC-0331,ACC-1435,Ext-Acc-352354,Ext-Acc-323431,Account,Account,1.0,0.3338,0.6251,1,Syn-Acc-100075,AI-suggested — not a confirmed link
ACC-0427,ACC-0440,Ext-Acc-364625,Ext-Acc-237281,Account,Account,1.0,0.3338,0.6251,1,Syn-Acc-100082,AI-suggested — not a confirmed link
ACC-0440,ACC-0810,Ext-Acc-237281,Ext-Acc-350449,Account,Account,1.0,0.3338,0.6251,1,Syn-Acc-100082,AI-suggested — not a confirmed link
ACC-0331,ACC-0791,Ext-Acc-352354,Ext-Acc-303454,Account,Account,1.0,0.3338,0.6251,1,Syn-Acc-100075,AI-suggested — not a confirmed link
ACC-0427,ACC-0810,Ext-Acc-364625,Ext-Acc-350449,Account,Account,1.0,0.3338,0.6251,1,Syn-Acc-100082,AI-suggested — not a confirmed link
ACC-0766,ACC-0837,Ext-Acc-399914,Ext-Acc-327165,Account,Account,1.0,0.3338,0.6251,1,Syn-Acc-100075,AI-suggested — not a confirmed link
ACC-0331,ACC-0837,Ext-Acc-352354,Ext-Acc-327165,Account,Account,1.0,0.3338,0.6251,1,Syn-Acc-100075,AI-suggested — not a confirmed link
ACC-0148,ACC-0400,Ext-Acc-360981,Ext-Acc-384907,Account,Account,1.0,0.3285,0.6236,1,Syn-Acc-100088,AI-suggested — not a confirmed link
ACC-1129,ACC-1185,Ext-Acc-339596,Ext-Acc-316310,Account,Account,1.0,0.3285,0.6236,1,Syn-Acc-100050,AI-suggested — not a confirmed link
ACC-0400,ACC-0728,Ext-Acc-384907,Ext-Acc-383211,Account,Account,1.0,0.3285,0.6236,1,Syn-Acc-100088,AI-suggested — not a confirmed link
ACC-0148,ACC-0728,Ext-Acc-360981,Ext-Acc-383211,Account,Account,1.0,0.3285,0.6236,1,Syn-Acc-100088,AI-suggested — not a confirmed link
ACC-0275,ACC-1262,Ext-Acc-385323,Ext-Acc-322057,Account,Account,1.0,0.3235,0.6222,1,Syn-Acc-100070,AI-suggested — not a confirmed link
ACC-0895,ACC-1241,Ext-Acc-333053,Ext-Acc-289817,Account,Account,1.0,0.3235,0.6222,1,Syn-Acc-100063,AI-suggested — not a confirmed link
ACC-0757,ACC-0871,Ext-Acc-319949,Ext-Acc-336630,Account,Account,1.0,0.3189,0.6209,1,Syn-Acc-100079,AI-suggested — not a confirmed link
ACC-0757,ACC-1335,Ext-Acc-319949,Ext-Acc-334080,Account,Account,1.0,0.3189,0.6209,1,Syn-Acc-100079,AI-suggested — not a confirmed link
ACC-0702,ACC-0871,Ext-Acc-268482,Ext-Acc-336630,Account,Account,1.0,0.3189,0.6209,1,Syn-Acc-100079,AI-suggested — not a confirmed link
ACC-0702,ACC-0801,Ext-Acc-268482,Ext-Acc-323264,Account,Account,1.0,0.3189,0.6209,1,Syn-Acc-100079,AI-suggested — not a confirmed link
ACC-0757,ACC-0801,Ext-Acc-319949,Ext-Acc-323264,Account,Account,1.0,0.3189,0.6209,1,Syn-Acc-100079,AI-suggested — not a confirmed link
ACC-0801,ACC-1335,Ext-Acc-323264,Ext-Acc-334080,Account,Account,1.0,0.3189,0.6209,1,Syn-Acc-100079,AI-suggested — not a confirmed link
ACC-0801,ACC-0871,Ext-Acc-323264,Ext-Acc-336630,Account,Account,1.0,0.3189,0.6209,1,Syn-Acc-100079,AI-suggested — not a confirmed link
ACC-0702,ACC-1335,Ext-Acc-268482,Ext-Acc-334080,Account,Account,1.0,0.3189,0.6209,1,Syn-Acc-100079,AI-suggested — not a confirmed link
ACC-0702,ACC-0757,Ext-Acc-268482,Ext-Acc-319949,Account,Account,1.0,0.3189,0.6209,1,Syn-Acc-100079,AI-suggested — not a confirmed link
ACC-0871,ACC-1335,Ext-Acc-336630,Ext-Acc-334080,Account,Account,1.0,0.3189,0.6209,1,Syn-Acc-100079,AI-suggested — not a confirmed link
ACC-0548,ACC-0692,Ext-Acc-310665,Ext-Acc-323601,Account,Account,1.0,0.3147,0.6197,1,Syn-Acc-100062,AI-suggested — not a confirmed link
ACC-0579,ACC-0692,Ext-Acc-332472,Ext-Acc-323601,Account,Account,1.0,0.3147,0.6197,1,Syn-Acc-100062,AI-suggested — not a confirmed link
ACC-0692,ACC-0884,Ext-Acc-323601,Ext-Acc-328255,Account,Account,1.0,0.3147,0.6197,1,Syn-Acc-100062,AI-suggested — not a confirmed link
ACC-0713,ACC-1143,Ext-Acc-378766,Ext-Acc-320207,Account,Account,1.0,0.3147,0.6197,1,Syn-Acc-100095,AI-suggested — not a confirmed link
ACC-1143,ACC-1196,Ext-Acc-320207,Ext-Acc-259609,Account,Account,1.0,0.3147,0.6197,1,Syn-Acc-100095,AI-suggested — not a confirmed link
ACC-0579,ACC-0884,Ext-Acc-332472,Ext-Acc-328255,Account,Account,1.0,0.3147,0.6197,1,Syn-Acc-100062,AI-suggested — not a confirmed link
ACC-0481,ACC-0713,Ext-Acc-369422,Ext-Acc-378766,Account,Account,1.0,0.3147,0.6197,1,Syn-Acc-100095,AI-suggested — not a confirmed link
ACC-0548,ACC-0884,Ext-Acc-310665,Ext-Acc-328255,Account,Account,1.0,0.3147,0.6197,1,Syn-Acc-100062,AI-suggested — not a confirmed link
ACC-0548,ACC-0579,Ext-Acc-310665,Ext-Acc-332472,Account,Account,1.0,0.3147,0.6197,1,Syn-Acc-100062,AI-suggested — not a confirmed link
ACC-0246,ACC-1394,Ext-Acc-207780,Ext-Acc-339200,Account,Account,1.0,0.3147,0.6197,1,Syn-Acc-100074,AI-suggested — not a confirmed link
ACC-0246,ACC-0530,Ext-Acc-207780,Ext-Acc-374606,Account,Account,1.0,0.3147,0.6197,1,Syn-Acc-100074,AI-suggested — not a confirmed link
ACC-0530,ACC-1394,Ext-Acc-374606,Ext-Acc-339200,Account,Account,1.0,0.3147,0.6197,1,Syn-Acc-100074,AI-suggested — not a confirmed link
ACC-0481,ACC-1196,Ext-Acc-369422,Ext-Acc-259609,Account,Account,1.0,0.3147,0.6197,1,Syn-Acc-100095,AI-suggested — not a confirmed link
ACC-0713,ACC-1196,Ext-Acc-378766,Ext-Acc-259609,Account,Account,1.0,0.3147,0.6197,1,Syn-Acc-100095,AI-suggested — not a confirmed link
ACC-0481,ACC-1143,Ext-Acc-369422,Ext-Acc-320207,Account,Account,1.0,0.3147,0.6197,1,Syn-Acc-100095,AI-suggested — not a confirmed link
ACC-0195,ACC-1271,Ext-Acc-368069,Ext-Acc-339278,Account,Account,1.0,0.3107,0.6185,1,Syn-Acc-100067,AI-suggested — not a confirmed link
ACC-0195,ACC-1098,Ext-Acc-368069,Ext-Acc-335160,Account,Account,1.0,0.3107,0.6185,1,Syn-Acc-100067,AI-suggested — not a confirmed link
ACC-0469,ACC-1066,Ext-Acc-288487,Ext-Acc-265979,Account,Account,1.0,0.3107,0.6185,1,Syn-Acc-100025,AI-suggested — not a confirmed link
ACC-0602,ACC-1223,Ext-Acc-316976,Ext-Acc-399309,Account,Account,1.0,0.3107,0.6185,1,Syn-Acc-100066,AI-suggested — not a confirmed link
ACC-1066,ACC-1245,Ext-Acc-265979,Ext-Acc-377085,Account,Account,1.0,0.3107,0.6185,1,Syn-Acc-100025,AI-suggested — not a confirmed link
ACC-0195,ACC-0472,Ext-Acc-368069,Ext-Acc-364972,Account,Account,1.0,0.3107,0.6185,1,Syn-Acc-100067,AI-suggested — not a confirmed link
ACC-0907,ACC-1271,Ext-Acc-368806,Ext-Acc-339278,Account,Account,1.0,0.3107,0.6185,1,Syn-Acc-100067,AI-suggested — not a confirmed link
ACC-0602,ACC-1356,Ext-Acc-316976,Ext-Acc-369968,Account,Account,1.0,0.3107,0.6185,1,Syn-Acc-100066,AI-suggested — not a confirmed link
ACC-1091,ACC-1223,Ext-Acc-350222,Ext-Acc-399309,Account,Account,1.0,0.3107,0.6185,1,Syn-Acc-100066,AI-suggested — not a confirmed link
ACC-0469,ACC-0763,Ext-Acc-288487,Ext-Acc-286267,Account,Account,1.0,0.3107,0.6185,1,Syn-Acc-100025,AI-suggested — not a confirmed link
ACC-1356,ACC-1369,Ext-Acc-369968,Ext-Acc-384259,Account,Account,1.0,0.3107,0.6185,1,Syn-Acc-100066,AI-suggested — not a confirmed link
ACC-0472,ACC-1098,Ext-Acc-364972,Ext-Acc-335160,Account,Account,1.0,0.3107,0.6185,1,Syn-Acc-100067,AI-suggested — not a confirmed link
ACC-0469,ACC-1127,Ext-Acc-288487,Ext-Acc-393612,Account,Account,1.0,0.3107,0.6185,1,Syn-Acc-100025,AI-suggested — not a confirmed link
ACC-1091,ACC-1356,Ext-Acc-350222,Ext-Acc-369968,Account,Account,1.0,0.3107,0.6185,1,Syn-Acc-100066,AI-suggested — not a confirmed link
ACC-0602,ACC-1369,Ext-Acc-316976,Ext-Acc-384259,Account,Account,1.0,0.3107,0.6185,1,Syn-Acc-100066,AI-suggested — not a confirmed link
ACC-0469,ACC-1245,Ext-Acc-288487,Ext-Acc-377085,Account,Account,1.0,0.3107,0.6185,1,Syn-Acc-100025,AI-suggested — not a confirmed link
ACC-1223,ACC-1356,Ext-Acc-399309,Ext-Acc-369968,Account,Account,1.0,0.3107,0.6185,1,Syn-Acc-100066,AI-suggested — not a confirmed link
ACC-0195,ACC-0907,Ext-Acc-368069,Ext-Acc-368806,Account,Account,1.0,0.3107,0.6185,1,Syn-Acc-100067,AI-suggested — not a confirmed link
ACC-0472,ACC-0907,Ext-Acc-364972,Ext-Acc-368806,Account,Account,1.0,0.3107,0.6185,1,Syn-Acc-100067,AI-suggested — not a confirmed link
ACC-0907,ACC-1098,Ext-Acc-368806,Ext-Acc-335160,Account,Account,1.0,0.3107,0.6185,1,Syn-Acc-100067,AI-suggested — not a confirmed link
ACC-0763,ACC-1066,Ext-Acc-286267,Ext-Acc-265979,Account,Account,1.0,0.3107,0.6185,1,Syn-Acc-100025,AI-suggested — not a confirmed link
ACC-1066,ACC-1127,Ext-Acc-265979,Ext-Acc-393612,Account,Account,1.0,0.3107,0.6185,1,Syn-Acc-100025,AI-suggested — not a confirmed link
ACC-1127,ACC-1245,Ext-Acc-393612,Ext-Acc-377085,Account,Account,1.0,0.3107,0.6185,1,Syn-Acc-100025,AI-suggested — not a confirmed link
ACC-0472,ACC-1271,Ext-Acc-364972,Ext-Acc-339278,Account,Account,1.0,0.3107,0.6185,1,Syn-Acc-100067,AI-suggested — not a confirmed link
ACC-1091,ACC-1369,Ext-Acc-350222,Ext-Acc-384259,Account,Account,1.0,0.3107,0.6185,1,Syn-Acc-100066,AI-suggested — not a confirmed link
ACC-1098,ACC-1271,Ext-Acc-335160,Ext-Acc-339278,Account,Account,1.0,0.3107,0.6185,1,Syn-Acc-100067,AI-suggested — not a confirmed link
ACC-1223,ACC-1369,Ext-Acc-399309,Ext-Acc-384259,Account,Account,1.0,0.3107,0.6185,1,Syn-Acc-100066,AI-suggested — not a confirmed link
ACC-0602,ACC-1091,Ext-Acc-316976,Ext-Acc-350222,Account,Account,1.0,0.3107,0.6185,1,Syn-Acc-100066,AI-suggested — not a confirmed link
ACC-0763,ACC-1127,Ext-Acc-286267,Ext-Acc-393612,Account,Account,1.0,0.3107,0.6185,1,Syn-Acc-100025,AI-suggested — not a confirmed link
ACC-0763,ACC-1245,Ext-Acc-286267,Ext-Acc-377085,Account,Account,1.0,0.3107,0.6185,1,Syn-Acc-100025,AI-suggested — not a confirmed link
ACC-0158,ACC-1103,Ext-Acc-259600,Ext-Acc-386237,Account,Account,1.0,0.3069,0.6174,1,Syn-Acc-100034,AI-suggested — not a confirmed link
ACC-0601,ACC-0861,Ext-Acc-305987,Ext-Acc-319079,Account,Account,1.0,0.3069,0.6174,1,Syn-Acc-100021,AI-suggested — not a confirmed link
ACC-0601,ACC-0919,Ext-Acc-305987,Ext-Acc-313525,Account,Account,1.0,0.3069,0.6174,1,Syn-Acc-100021,AI-suggested — not a confirmed link
VEH-0071,VEH-0081,Tn-33-Xx-1009,Tn-39-Yy-1043,Vehicle,Vehicle,1.0,0.3069,0.6174,1,Ajith Murugan,AI-suggested — not a confirmed link
ACC-0655,ACC-0861,Ext-Acc-317878,Ext-Acc-319079,Account,Account,1.0,0.3069,0.6174,1,Syn-Acc-100021,AI-suggested — not a confirmed link
ACC-0601,ACC-0655,Ext-Acc-305987,Ext-Acc-317878,Account,Account,1.0,0.3069,0.6174,1,Syn-Acc-100021,AI-suggested — not a confirmed link
ACC-0861,ACC-0919,Ext-Acc-319079,Ext-Acc-313525,Account,Account,1.0,0.3069,0.6174,1,Syn-Acc-100021,AI-suggested — not a confirmed link
ACC-0754,ACC-1242,Ext-Acc-358437,Ext-Acc-357746,Account,Account,1.0,0.3069,0.6174,1,Syn-Acc-100081,AI-suggested — not a confirmed link
ACC-0164,ACC-1438,Ext-Acc-329392,Ext-Acc-306793,Account,Account,1.0,0.3069,0.6174,1,Syn-Acc-100005,AI-suggested — not a confirmed link
ACC-0655,ACC-0919,Ext-Acc-317878,Ext-Acc-313525,Account,Account,1.0,0.3069,0.6174,1,Syn-Acc-100021,AI-suggested — not a confirmed link
ACC-0911,ACC-1215,Ext-Acc-335823,Ext-Acc-210888,Account,Account,1.0,0.3001,0.6154,1,Syn-Acc-100060,AI-suggested — not a confirmed link
ACC-0911,ACC-1126,Ext-Acc-335823,Ext-Acc-397106,Account,Account,1.0,0.3001,0.6154,1,Syn-Acc-100060,AI-suggested — not a confirmed link
ACC-0852,ACC-1215,Ext-Acc-371036,Ext-Acc-210888,Account,Account,1.0,0.3001,0.6154,1,Syn-Acc-100060,AI-suggested — not a confirmed link
ACC-1126,ACC-1215,Ext-Acc-397106,Ext-Acc-210888,Account,Account,1.0,0.3001,0.6154,1,Syn-Acc-100060,AI-suggested — not a confirmed link
ACC-0852,ACC-0911,Ext-Acc-371036,Ext-Acc-335823,Account,Account,1.0,0.3001,0.6154,1,Syn-Acc-100060,AI-suggested — not a confirmed link
ACC-0852,ACC-1126,Ext-Acc-371036,Ext-Acc-397106,Account,Account,1.0,0.3001,0.6154,1,Syn-Acc-100060,AI-suggested — not a confirmed link
ACC-0741,ACC-1257,Ext-Acc-391692,Ext-Acc-303466,Account,Account,1.0,0.297,0.6145,1,Syn-Acc-100041,AI-suggested — not a confirmed link
VEH-0066,VEH-0079,Tn-01-Zz-1047,Tn-30-Yy-1052,Vehicle,Vehicle,1.0,0.2912,0.6128,1,Yuvaraj Natarajan,AI-suggested — not a confirmed link
VEH-0062,VEH-0080,Tn-68-Yy-1040,Tn-57-Xx-1042,Vehicle,Vehicle,1.0,0.2813,0.6098,1,Rajesh Chandran,AI-suggested — not a confirmed link
VEH-0059,VEH-0062,Tn-30-Xx-1039,Tn-68-Yy-1040,Vehicle,Vehicle,1.0,0.2813,0.6098,1,Rajesh Chandran,AI-suggested — not a confirmed link
VEH-0059,VEH-0080,Tn-30-Xx-1039,Tn-57-Xx-1042,Vehicle,Vehicle,1.0,0.2813,0.6098,1,Rajesh Chandran,AI-suggested — not a confirmed link
VEH-0006,VEH-0007,Kl-07-Yy-1055,Tn-68-Xx-1018,Vehicle,Vehicle,1.0,0.2791,0.6091,1,Pandian Thangaraj,AI-suggested — not a confirmed link
VEH-0051,VEH-0052,Tn-33-Xx-1066,Tn-72-Yy-1067,Vehicle,Vehicle,1.0,0.2749,0.6078,1,Arun Babu,AI-suggested — not a confirmed link
VEH-0045,VEH-0077,Tn-39-Yy-1091,Tn-57-Yy-1097,Vehicle,Vehicle,1.0,0.2612,0.6035,1,Vignesh Subramani,AI-suggested — not a confirmed link
VEH-0055,VEH-0060,Tn-33-Yy-1094,Tn-47-Zz-1095,Vehicle,Vehicle,1.0,0.2597,0.6031,1,Karthik Rajan,AI-suggested — not a confirmed link
VEH-0046,VEH-0053,Tn-28-Xx-1063,Tn-01-Zz-1068,Vehicle,Vehicle,1.0,0.2569,0.6022,1,Madhan Murugan,AI-suggested — not a confirmed link
ACC-0656,ACC-1267,Ext-Acc-215035,Ext-Acc-270614,Account,Account,1.0,0.2404,0.5969,1,Syn-Acc-100002,AI-suggested — not a confirmed link
ACC-0656,ACC-0990,Ext-Acc-215035,Ext-Acc-398664,Account,Account,1.0,0.2404,0.5969,1,Syn-Acc-100002,AI-suggested — not a confirmed link
