Entity,Alert_Type,Case_Count_In_Window,Window_Days,FIR_IDs,Note
9000000216,Activity burst,9,90,FIR-2026-00291|FIR-2026-00296|FIR-2026-00323|FIR-2026-00330|FIR-2026-00335|FIR-2026-00339|FIR-2026-00340|FIR-2026-00342|FIR-2026-00355,AI-flagged: appears in 9 cases within 90 days — flagged for review
9000000155,Activity burst,8,90,FIR-2026-00359|FIR-2026-00377|FIR-2026-00390|FIR-2026-00395|FIR-2026-00399|FIR-2026-00405|FIR-2026-00411|FIR-2026-00431,AI-flagged: appears in 8 cases within 90 days — flagged for review
9000000188,Activity burst,8,90,FIR-2026-00122|FIR-2026-00151|FIR-2026-00158|FIR-2026-00163|FIR-2026-00187|FIR-2026-00191|FIR-2026-00206|FIR-2026-00210,AI-flagged: appears in 8 cases within 90 days — flagged for review
9000000461,Activity burst,8,90,FIR-2026-00070|FIR-2026-00076|FIR-2026-00093|FIR-2026-00108|FIR-2026-00111|FIR-2026-00117|FIR-2026-00145|FIR-2026-00148,AI-flagged: appears in 8 cases within 90 days — flagged for review
9000000212,Activity burst,8,90,FIR-2026-00093|FIR-2026-00104|FIR-2026-00108|FIR-2026-00117|FIR-2026-00129|FIR-2026-00150|FIR-2026-00151|FIR-2026-00160,AI-flagged: appears in 8 cases within 90 days — flagged for review
9000000194,Activity burst,7,90,FIR-2026-00235|FIR-2026-00252|FIR-2026-00272|FIR-2026-00286|FIR-2026-00306|FIR-2026-00313|FIR-2026-00315,AI-flagged: appears in 7 cases within 90 days — flagged for review
9000000146,Activity burst,7,90,FIR-2026-00189|FIR-2026-00194|FIR-2026-00207|FIR-2026-00215|FIR-2026-00224|FIR-2026-00261|FIR-2026-00264,AI-flagged: appears in 7 cases within 90 days — flagged for review
9000000372,Activity burst,7,90,FIR-2026-00099|FIR-2026-00110|FIR-2026-00116|FIR-2026-00136|FIR-2026-00139|FIR-2026-00141|FIR-2026-00186,AI-flagged: appears in 7 cases within 90 days — flagged for review
9000000189,Activity burst,6,90,FIR-2026-00226|FIR-2026-00231|FIR-2026-00235|FIR-2026-00240|FIR-2026-00242|FIR-2026-00281,AI-flagged: appears in 6 cases within 90 days — flagged for review
9000000380,Activity burst,6,90,FIR-2026-00245|FIR-2026-00252|FIR-2026-00278|FIR-2026-00280|FIR-2026-00283|FIR-2026-00290,AI-flagged: appears in 6 cases within 90 days — flagged for review
9000000306,Activity burst,6,90,FIR-2026-00381|FIR-2026-00384|FIR-2026-00385|FIR-2026-00388|FIR-2026-00417|FIR-2026-00453,AI-flagged: appears in 6 cases within 90 days — flagged for review
9000000407,Activity burst,6,90,FIR-2026-00047|FIR-2026-00060|FIR-2026-00069|FIR-2026-00073|FIR-2026-00079|FIR-2026-00112,AI-flagged: appears in 6 cases within 90 days — flagged for review
9000000382,Activity burst,5,90,FIR-2026-00043|FIR-2026-00068|FIR-2026-00073|FIR-2026-00081|FIR-2026-00110,AI-flagged: appears in 5 cases within 90 days — flagged for review
9000000408,Activity burst,5,90,FIR-2026-00267|FIR-2026-00270|FIR-2026-00292|FIR-2026-00315|FIR-2026-00328,AI-flagged: appears in 5 cases within 90 days — flagged for review
9000000093,Activity burst,5,90,FIR-2026-00434|FIR-2026-00439|FIR-2026-00445|FIR-2026-00466|FIR-2026-00476,AI-flagged: appears in 5 cases within 90 days — flagged for review
9000000154,Activity burst,5,90,FIR-2026-00126|FIR-2026-00137|FIR-2026-00164|FIR-2026-00190|FIR-2026-00201,AI-flagged: appears in 5 cases within 90 days — flagged for review
9000000041,Activity burst,5,90,FIR-2026-00013|FIR-2026-00019|FIR-2026-00035|FIR-2026-00036|FIR-2026-00061,AI-flagged: appears in 5 cases within 90 days — flagged for review
9000000297,Activity burst,5,90,FIR-2026-00367|FIR-2026-00382|FIR-2026-00398|FIR-2026-00425|FIR-2026-00441,AI-flagged: appears in 5 cases within 90 days — flagged for review
9000000113,Activity burst,5,90,FIR-2026-00123|FIR-2026-00134|FIR-2026-00173|FIR-2026-00188|FIR-2026-00216,AI-flagged: appears in 5 cases within 90 days — flagged for review
9000000147,Activity burst,5,90,FIR-2026-00124|FIR-2026-00174|FIR-2026-00177|FIR-2026-00218|FIR-2026-00222,AI-flagged: appears in 5 cases within 90 days — flagged for review
9000000105,Activity burst,5,90,FIR-2026-00118|FIR-2026-00119|FIR-2026-00152|FIR-2026-00184|FIR-2026-00195,AI-flagged: appears in 5 cases within 90 days — flagged for review
9000000119,Activity burst,4,90,FIR-2026-00369|FIR-2026-00393|FIR-2026-00405|FIR-2026-00414,AI-flagged: appears in 4 cases within 90 days — flagged for review
9000000422,Activity burst,4,90,FIR-2026-00189|FIR-2026-00217|FIR-2026-00251|FIR-2026-00273,AI-flagged: appears in 4 cases within 90 days — flagged for review
9000000309,Activity burst,4,90,FIR-2026-00237|FIR-2026-00239|FIR-2026-00246|FIR-2026-00292,AI-flagged: appears in 4 cases within 90 days — flagged for review
9000000081,Activity burst,4,90,FIR-2026-00051|FIR-2026-00053|FIR-2026-00084|FIR-2026-00094,AI-flagged: appears in 4 cases within 90 days — flagged for review
9000000469,Activity burst,4,90,FIR-2026-00103|FIR-2026-00164|FIR-2026-00175|FIR-2026-00190,AI-flagged: appears in 4 cases within 90 days — flagged for review
9000000369,Activity burst,4,90,FIR-2026-00169|FIR-2026-00180|FIR-2026-00202|FIR-2026-00229,AI-flagged: appears in 4 cases within 90 days — flagged for review
9000000096,Activity burst,4,90,FIR-2026-00192|FIR-2026-00218|FIR-2026-00220|FIR-2026-00257,AI-flagged: appears in 4 cases within 90 days — flagged for review
9000000352,Activity burst,4,90,FIR-2026-00062|FIR-2026-00094|FIR-2026-00099|FIR-2026-00110,AI-flagged: appears in 4 cases within 90 days — flagged for review
9000000487,Activity burst,4,90,FIR-2026-00003|FIR-2026-00009|FIR-2026-00023|FIR-2026-00041,AI-flagged: appears in 4 cases within 90 days — flagged for review
9000000374,Activity burst,4,90,FIR-2026-00142|FIR-2026-00143|FIR-2026-00166|FIR-2026-00185,AI-flagged: appears in 4 cases within 90 days — flagged for review
9000000050,Activity burst,4,90,FIR-2026-00068|FIR-2026-00074|FIR-2026-00078|FIR-2026-00100,AI-flagged: appears in 4 cases within 90 days — flagged for review
9000000256,Activity burst,4,90,FIR-2026-00070|FIR-2026-00111|FIR-2026-00113|FIR-2026-00117,AI-flagged: appears in 4 cases within 90 days — flagged for review
9000000114,Activity burst,4,90,FIR-2026-00427|FIR-2026-00466|FIR-2026-00478|FIR-2026-00480,AI-flagged: appears in 4 cases within 90 days — flagged for review
9000000141,Activity burst,4,90,FIR-2026-00104|FIR-2026-00109|FIR-2026-00184|FIR-2026-00198,AI-flagged: appears in 4 cases within 90 days — flagged for review
9000000134,Activity burst,4,90,FIR-2026-00107|FIR-2026-00135|FIR-2026-00140|FIR-2026-00179,AI-flagged: appears in 4 cases within 90 days — flagged for review
9000000186,Activity burst,4,90,FIR-2026-00048|FIR-2026-00054|FIR-2026-00066|FIR-2026-00073,AI-flagged: appears in 4 cases within 90 days — flagged for review
9000000175,Activity burst,4,90,FIR-2026-00001|FIR-2026-00027|FIR-2026-00036|FIR-2026-00045,AI-flagged: appears in 4 cases within 90 days — flagged for review
9000000440,Activity burst,4,90,FIR-2026-00296|FIR-2026-00307|FIR-2026-00339|FIR-2026-00356,AI-flagged: appears in 4 cases within 90 days — flagged for review
9000000124,Activity burst,4,90,FIR-2026-00331|FIR-2026-00360|FIR-2026-00362|FIR-2026-00365,AI-flagged: appears in 4 cases within 90 days — flagged for review
9000000129,Activity burst,4,90,FIR-2026-00387|FIR-2026-00391|FIR-2026-00407|FIR-2026-00463,AI-flagged: appears in 4 cases within 90 days — flagged for review
9000000262,Activity burst,4,90,FIR-2026-00368|FIR-2026-00383|FIR-2026-00418|FIR-2026-00443,AI-flagged: appears in 4 cases within 90 days — flagged for review
9000000298,Activity burst,4,90,FIR-2026-00359|FIR-2026-00389|FIR-2026-00392|FIR-2026-00396,AI-flagged: appears in 4 cases within 90 days — flagged for review
9000000427,Activity burst,4,90,FIR-2026-00010|FIR-2026-00021|FIR-2026-00024|FIR-2026-00028,AI-flagged: appears in 4 cases within 90 days — flagged for review
9000000004,Activity burst,4,90,FIR-2026-00360|FIR-2026-00369|FIR-2026-00413|FIR-2026-00414,AI-flagged: appears in 4 cases within 90 days — flagged for review
9000000486,Activity burst,4,90,FIR-2026-00353|FIR-2026-00355|FIR-2026-00361|FIR-2026-00427,AI-flagged: appears in 4 cases within 90 days — flagged for review
9000000083,Activity burst,4,90,FIR-2026-00063|FIR-2026-00075|FIR-2026-00115|FIR-2026-00122,AI-flagged: appears in 4 cases within 90 days — flagged for review
9000000379,Activity burst,4,90,FIR-2026-00173|FIR-2026-00243|FIR-2026-00250|FIR-2026-00252,AI-flagged: appears in 4 cases within 90 days — flagged for review
9000000207,Activity burst,4,90,FIR-2026-00126|FIR-2026-00205|FIR-2026-00208|FIR-2026-00225,AI-flagged: appears in 4 cases within 90 days — flagged for review
9000000312,Activity burst,4,90,FIR-2026-00107|FIR-2026-00141|FIR-2026-00157|FIR-2026-00179,AI-flagged: appears in 4 cases within 90 days — flagged for review
9000000125,Activity burst,4,90,FIR-2026-00391|FIR-2026-00422|FIR-2026-00428|FIR-2026-00455,AI-flagged: appears in 4 cases within 90 days — flagged for review
9000000405,Activity burst,4,90,FIR-2026-00115|FIR-2026-00121|FIR-2026-00176|FIR-2026-00204,AI-flagged: appears in 4 cases within 90 days — flagged for review
9000000233,Activity burst,4,90,FIR-2026-00251|FIR-2026-00253|FIR-2026-00273|FIR-2026-00284,AI-flagged: appears in 4 cases within 90 days — flagged for review
9000000091,Activity burst,4,90,FIR-2026-00288|FIR-2026-00340|FIR-2026-00341|FIR-2026-00342,AI-flagged: appears in 4 cases within 90 days — flagged for review
9000000317,Activity burst,3,90,FIR-2026-00306|FIR-2026-00365|FIR-2026-00379,AI-flagged: appears in 3 cases within 90 days — flagged for review
9000000070,Activity burst,3,90,FIR-2026-00316|FIR-2026-00325|FIR-2026-00332,AI-flagged: appears in 3 cases within 90 days — flagged for review
9000000215,Activity burst,3,90,FIR-2026-00378|FIR-2026-00403|FIR-2026-00447,AI-flagged: appears in 3 cases within 90 days — flagged for review
9000000350,Activity burst,3,90,FIR-2026-00369|FIR-2026-00413|FIR-2026-00433,AI-flagged: appears in 3 cases within 90 days — flagged for review
9000000167,Activity burst,3,90,FIR-2026-00115|FIR-2026-00139|FIR-2026-00203,AI-flagged: appears in 3 cases within 90 days — flagged for review
9000000371,Activity burst,3,90,FIR-2026-00361|FIR-2026-00370|FIR-2026-00405,AI-flagged: appears in 3 cases within 90 days — flagged for review
9000000017,Activity burst,3,90,FIR-2026-00133|FIR-2026-00214|FIR-2026-00225,AI-flagged: appears in 3 cases within 90 days — flagged for review
9000000318,Activity burst,3,90,FIR-2026-00131|FIR-2026-00147|FIR-2026-00220,AI-flagged: appears in 3 cases within 90 days — flagged for review
9000000180,Activity burst,3,90,FIR-2026-00185|FIR-2026-00215|FIR-2026-00232,AI-flagged: appears in 3 cases within 90 days — flagged for review
9000000376,Activity burst,3,90,FIR-2026-00259|FIR-2026-00293|FIR-2026-00299,AI-flagged: appears in 3 cases within 90 days — flagged for review
9000000038,Activity burst,3,90,FIR-2026-00265|FIR-2026-00315|FIR-2026-00318,AI-flagged: appears in 3 cases within 90 days — flagged for review
9000000415,Activity burst,3,90,FIR-2026-00267|FIR-2026-00272|FIR-2026-00328,AI-flagged: appears in 3 cases within 90 days — flagged for review
9000000035,Activity burst,3,90,FIR-2026-00240|FIR-2026-00286|FIR-2026-00299,AI-flagged: appears in 3 cases within 90 days — flagged for review
9000000458,Activity burst,3,90,FIR-2026-00277|FIR-2026-00287|FIR-2026-00302,AI-flagged: appears in 3 cases within 90 days — flagged for review
9000000027,Activity burst,3,90,FIR-2026-00400|FIR-2026-00447|FIR-2026-00471,AI-flagged: appears in 3 cases within 90 days — flagged for review
9000000076,Activity burst,3,90,FIR-2026-00064|FIR-2026-00077|FIR-2026-00127,AI-flagged: appears in 3 cases within 90 days — flagged for review
9000000054,Activity burst,3,90,FIR-2026-00136|FIR-2026-00209|FIR-2026-00211,AI-flagged: appears in 3 cases within 90 days — flagged for review
9000000359,Activity burst,3,90,FIR-2026-00376|FIR-2026-00378|FIR-2026-00406,AI-flagged: appears in 3 cases within 90 days — flagged for review
9000000267,Activity burst,3,90,FIR-2026-00100|FIR-2026-00104|FIR-2026-00112,AI-flagged: appears in 3 cases within 90 days — flagged for review
9000000363,Activity burst,3,90,FIR-2026-00095|FIR-2026-00147|FIR-2026-00177,AI-flagged: appears in 3 cases within 90 days — flagged for review
9000000187,Activity burst,3,90,FIR-2026-00120|FIR-2026-00123|FIR-2026-00167,AI-flagged: appears in 3 cases within 90 days — flagged for review
9000000089,Activity burst,3,90,FIR-2026-00020|FIR-2026-00033|FIR-2026-00072,AI-flagged: appears in 3 cases within 90 days — flagged for review
9000000463,Activity burst,3,90,FIR-2026-00017|FIR-2026-00027|FIR-2026-00058,AI-flagged: appears in 3 cases within 90 days — flagged for review
9000000044,Activity burst,3,90,FIR-2026-00101|FIR-2026-00154|FIR-2026-00159,AI-flagged: appears in 3 cases within 90 days — flagged for review
9000000295,Activity burst,3,90,FIR-2026-00060|FIR-2026-00069|FIR-2026-00081,AI-flagged: appears in 3 cases within 90 days — flagged for review
9000000302,Activity burst,3,90,FIR-2026-00092|FIR-2026-00125|FIR-2026-00157,AI-flagged: appears in 3 cases within 90 days — flagged for review
9000000120,Activity burst,3,90,FIR-2026-00068|FIR-2026-00078|FIR-2026-00144,AI-flagged: appears in 3 cases within 90 days — flagged for review
9000000232,Activity burst,3,90,FIR-2026-00138|FIR-2026-00165|FIR-2026-00169,AI-flagged: appears in 3 cases within 90 days — flagged for review
9000000058,Activity burst,3,90,FIR-2026-00384|FIR-2026-00440|FIR-2026-00457,AI-flagged: appears in 3 cases within 90 days — flagged for review
9000000245,Activity burst,3,90,FIR-2026-00304|FIR-2026-00337|FIR-2026-00357,AI-flagged: appears in 3 cases within 90 days — flagged for review
9000000365,Activity burst,3,90,FIR-2026-00109|FIR-2026-00137|FIR-2026-00164,AI-flagged: appears in 3 cases within 90 days — flagged for review
9000000196,Activity burst,3,90,FIR-2026-00177|FIR-2026-00257|FIR-2026-00266,AI-flagged: appears in 3 cases within 90 days — flagged for review
9000000198,Activity burst,3,90,FIR-2026-00310|FIR-2026-00327|FIR-2026-00363,AI-flagged: appears in 3 cases within 90 days — flagged for review
9000000252,Activity burst,3,90,FIR-2026-00150|FIR-2026-00200|FIR-2026-00221,AI-flagged: appears in 3 cases within 90 days — flagged for review
9000000032,Activity burst,3,90,FIR-2026-00162|FIR-2026-00228|FIR-2026-00247,AI-flagged: appears in 3 cases within 90 days — flagged for review
9000000442,Activity burst,3,90,FIR-2026-00100|FIR-2026-00121|FIR-2026-00139,AI-flagged: appears in 3 cases within 90 days — flagged for review
9000000088,Activity burst,3,90,FIR-2026-00040|FIR-2026-00075|FIR-2026-00096,AI-flagged: appears in 3 cases within 90 days — flagged for review
9000000409,Activity burst,3,90,FIR-2026-00046|FIR-2026-00061|FIR-2026-00082,AI-flagged: appears in 3 cases within 90 days — flagged for review
9000000099,Activity burst,3,90,FIR-2026-00434|FIR-2026-00476|FIR-2026-00478,AI-flagged: appears in 3 cases within 90 days — flagged for review
9000000225,Activity burst,3,90,FIR-2026-00410|FIR-2026-00427|FIR-2026-00457,AI-flagged: appears in 3 cases within 90 days — flagged for review
9000000470,Activity burst,3,90,FIR-2026-00131|FIR-2026-00170|FIR-2026-00171,AI-flagged: appears in 3 cases within 90 days — flagged for review
9000000260,Activity burst,3,90,FIR-2026-00056|FIR-2026-00089|FIR-2026-00098,AI-flagged: appears in 3 cases within 90 days — flagged for review
9000000031,Activity burst,3,90,FIR-2026-00233|FIR-2026-00281|FIR-2026-00312,AI-flagged: appears in 3 cases within 90 days — flagged for review
9000000136,Activity burst,3,90,FIR-2026-00065|FIR-2026-00071|FIR-2026-00086,AI-flagged: appears in 3 cases within 90 days — flagged for review
9000000434,Activity burst,3,90,FIR-2026-00071|FIR-2026-00102|FIR-2026-00154,AI-flagged: appears in 3 cases within 90 days — flagged for review
9000000284,Activity burst,3,90,FIR-2026-00306|FIR-2026-00329|FIR-2026-00362,AI-flagged: appears in 3 cases within 90 days — flagged for review
9000000323,Activity burst,3,90,FIR-2026-00319|FIR-2026-00335|FIR-2026-00389,AI-flagged: appears in 3 cases within 90 days — flagged for review
9000000006,Activity burst,3,90,FIR-2026-00363|FIR-2026-00394|FIR-2026-00411,AI-flagged: appears in 3 cases within 90 days — flagged for review
9000000053,Activity burst,3,90,FIR-2026-00087|FIR-2026-00101|FIR-2026-00159,AI-flagged: appears in 3 cases within 90 days — flagged for review
9000000457,Activity burst,3,90,FIR-2026-00421|FIR-2026-00426|FIR-2026-00442,AI-flagged: appears in 3 cases within 90 days — flagged for review
